Date,Value,YOY (%)
2022-11-07,20.05,-32.24
2022-11-04,19.61,-33.48
2022-11-03,19.35,-34.09
2022-11-02,19.56,-32.94
2022-11-01,20.31,-17.14
2022-10-31,20.14,-30.58
2022-10-28,20.29,-29.94
2022-10-27,19.80,-30.94
2022-10-26,19.92,-30.88
2022-10-25,20.07,-30.24
2022-10-24,19.75,-31.02
2022-10-21,19.52,-31.89
2022-10-20,19.07,-33.28
2022-10-19,19.22,-32.49
2022-10-18,19.35,-31.53
2022-10-17,19.13,-32.09
2022-10-14,18.64,-32.19
2022-10-13,19.09,-30.56
2022-10-12,18.61,-32.11
2022-10-11,18.67,-32.03
2022-10-10,18.79,-32.07
2022-10-07,18.39,-33.66
2022-10-06,18.92,-31.17
2022-10-05,19.12,-30.17
2022-10-04,19.16,-29.27
2022-10-03,18.59,-23.78
2022-10-01,19.37,-20.58
2022-09-30,18.12,-33.24
2022-09-29,18.40,-32.99
2022-09-28,18.79,-31.47
2022-09-27,18.43,-34.16
2022-09-26,18.47,-34.20
2022-09-23,18.66,-33.43
2022-09-22,18.99,-31.42
2022-09-21,19.15,-30.19
2022-09-20,19.48,-29.03
2022-09-19,19.71,-29.43
2022-09-16,19.57,-30.55
2022-09-15,19.71,-30.18
2022-09-14,19.94,-29.17
2022-09-13,19.87,-29.41
2022-09-12,20.77,-26.06
2022-09-09,20.55,-41.37
2022-09-08,20.24,-42.52
2022-09-07,20.11,-42.97
2022-09-06,19.75,-44.18
2022-09-02,19.83,-43.97
2022-09-01,20.28,-19.97
2022-08-31,19.98,-43.37
2022-08-30,20.14,-42.99
2022-08-29,20.37,-42.08
2022-08-26,20.50,-41.21
2022-08-25,21.22,-39.49
2022-08-24,20.92,-40.21
2022-08-23,20.86,-40.30
2022-08-22,20.91,-39.65
2022-08-19,21.37,-37.82
2022-08-18,21.65,-36.92
2022-08-17,21.60,-37.75
2022-08-16,21.75,-37.75
2022-08-15,21.71,-37.70
2022-08-12,21.63,-37.84
2022-08-11,21.26,-38.71
2022-08-10,21.27,-38.54
2022-08-09,20.83,-39.75
2022-08-08,20.92,-39.56
2022-08-05,20.95,-39.36
2022-08-04,20.98,-38.91
2022-08-03,21.00,-39.13
2022-08-02,20.67,-39.60
2022-08-01,21.81,-16.82
2022-07-29,20.87,-39.45
2022-07-28,20.58,-40.05
2022-07-27,20.33,-40.78
2022-07-25,20.04,-41.76
2022-07-22,20.02,-41.24
2022-07-21,20.21,-40.56
2022-07-20,20.01,-40.66
2022-07-19,19.89,-40.13
2022-07-18,19.36,-42.64
2022-07-15,19.52,-42.61
2022-07-14,19.15,-43.81
2022-07-13,19.21,-43.63
2022-07-12,19.30,-43.57
2022-07-11,19.48,-42.84
2022-07-08,19.70,-41.54
2022-07-07,19.72,-41.93
2022-07-06,19.43,-42.60
2022-07-05,19.36,-42.92
2022-07-01,20.43,-23.08
2022-06-30,19.13,-42.88
2022-06-29,19.30,-42.30
2022-06-28,19.31,-42.25
2022-06-27,19.71,-40.92
2022-06-24,19.77,-40.54
2022-06-23,19.18,-41.98
2022-06-22,19.00,-42.58
2022-06-21,19.03,-42.19
2022-06-17,18.57,-43.56
2022-06-16,18.53,-43.71
2022-06-15,19.15,-42.13
2022-06-14,18.88,-42.96
2022-06-13,18.95,-42.75
2022-06-10,19.71,-40.35
2022-06-09,20.31,-38.23
2022-06-08,20.80,-36.85
2022-06-07,21.03,-36.16
2022-06-06,20.83,-36.80
2022-06-03,20.76,-36.47
2022-06-02,21.11,-35.62
2022-06-01,20.28,-24.04
2022-05-31,20.88,-53.25
2022-05-27,21.02,-52.90
2022-05-26,20.51,-53.99
2022-05-25,20.11,-54.80
2022-05-24,19.92,-55.33
2022-05-23,20.08,-54.52
2022-05-20,19.72,-55.37
2022-05-19,19.71,-54.92
2022-05-18,19.83,-54.78
2022-05-17,20.66,-53.29
2022-05-16,20.26,-54.31
2022-05-13,20.34,-53.44
2022-05-12,19.86,-53.99
2022-05-11,19.89,-54.91
2022-05-10,20.22,-54.56
2022-05-09,20.17,-55.15
2022-05-06,20.84,-53.30
2022-05-05,20.96,-52.65
2022-05-04,21.73,-50.88
2022-05-03,21.10,-52.63
2022-05-02,21.00,-25.13
2022-05-01,20.81,-25.81
2022-04-29,20.88,-53.33
2022-04-28,21.67,-51.24
2022-04-27,21.15,-52.44
2022-04-26,21.10,-52.56
2022-04-25,21.71,-51.10
2022-04-22,21.59,-50.84
2022-04-21,22.21,-49.90
2022-04-20,22.54,-48.68
2022-04-19,22.55,-49.00
2022-04-18,22.20,-50.07
2022-04-14,22.20,-49.53
2022-04-13,22.47,-48.92
2022-04-12,22.22,-49.33
2022-04-11,22.30,-49.16
2022-04-08,22.68,-47.89
2022-04-07,22.74,-47.53
2022-04-06,22.65,-47.67
2022-04-05,22.87,-49.11
2022-04-04,26.12,-12.70
2022-04-01,22.40,-25.13
2022-03-31,25.83,-41.00
2022-03-30,26.24,-39.86
2022-03-29,26.40,-39.67
2022-03-28,26.08,-40.46
2022-03-25,25.90,-39.89
2022-03-24,25.77,-39.87
2022-03-23,25.40,-41.07
2022-03-22,25.72,-40.78
2022-03-21,25.43,-41.03
2022-03-18,25.44,-41.04
2022-03-17,25.15,-42.58
2022-03-16,24.84,-43.12
2022-03-15,24.30,-44.44
2022-03-11,23.97,-44.78
2022-03-10,24.28,-43.50
2022-03-09,24.39,-42.89
2022-03-08,23.77,-43.55
2022-03-07,23.95,-43.43
2022-03-01,22.19,-27.25
2022-02-24,24.45,-38.83
2022-02-23,24.09,-39.04
2022-02-22,24.54,-37.83
2022-02-18,24.79,-37.79
2022-02-17,24.97,-37.62
2022-02-16,25.51,-36.29
2022-02-15,25.49,-36.37
2022-02-14,25.09,-37.37
2022-02-11,25.19,-36.82
2022-02-10,25.68,-35.49
2022-02-09,26.15,-34.33
2022-02-08,25.77,-35.36
2022-02-07,25.56,-35.41
2022-02-04,25.65,-34.93
2022-02-03,25.52,-34.56
2022-02-02,26.16,-32.85
2022-02-01,22.42,-32.55
2022-01-31,25.74,-31.94
2022-01-28,25.26,-34.49
2022-01-27,24.66,-35.43
2022-01-26,24.80,-36.72
2022-01-25,24.83,-36.74
2022-01-24,25.14,-35.72
2022-01-21,25.07,-36.09
2022-01-20,25.55,-34.85
2022-01-19,25.84,-33.20
2022-01-18,26.09,-32.00
2022-01-14,26.58,-31.21
2022-01-13,26.56,-31.53
2022-01-12,26.94,-29.97
2022-01-11,26.87,-30.14
2022-01-10,26.62,-31.23
2022-01-07,26.66,-30.75
2022-01-06,26.77,-29.44
2022-01-05,26.80,-28.95
2022-01-04,27.33,-27.04
2022-01-03,30.22,-15.96
2022-01-01,23.11,-35.73
2021-12-31,30.03,-21.02
2021-12-30,30.10,-20.31
2021-12-29,30.19,-19.96
2021-12-27,30.18,-19.48
2021-12-23,29.77,-20.29
2021-12-22,29.59,-20.71
2021-12-21,29.29,-21.68
2021-12-20,28.78,-23.36
2021-12-17,29.11,-22.74
2021-12-16,29.41,-21.49
2021-12-15,29.67,-20.67
2021-12-14,29.19,-20.94
2021-12-13,29.41,-20.69
2021-12-10,29.68,-20.06
2021-12-09,29.40,-20.90
2021-12-08,29.62,-20.95
2021-12-07,29.53,-20.98
2021-12-06,28.93,-22.73
2021-12-03,28.59,-22.96
2021-12-02,28.83,-22.37
2021-12-01,23.63,-39.81
2021-11-30,28.77,-21.52
2021-11-29,29.33,-20.36
2021-11-26,28.94,-23.09
2021-11-24,29.62,-21.39
2021-11-23,29.55,-20.33
2021-11-22,29.50,-20.01
2021-11-19,29.60,-20.28
2021-11-18,29.64,-19.85
2021-11-17,29.54,-21.06
2021-11-16,29.61,-18.99
2021-11-15,29.50,-18.35
2021-11-12,29.50,-17.25
2021-11-11,29.29,-18.64
2021-11-10,29.27,-18.08
2021-11-09,29.52,-17.50
2021-11-08,29.62,-16.26
2021-11-05,29.59,-16.37
2021-11-04,29.48,-15.04
2021-11-03,29.36,-13.52
2021-11-02,29.17,-12.56
2021-11-01,24.51,-34.06
2021-10-29,29.01,-13.04
2021-10-28,28.96,-12.14
2021-10-27,28.67,-16.10
2021-10-26,28.82,-15.90
2021-10-25,28.77,-17.61
2021-10-22,28.63,-20.01
2021-10-21,28.66,-19.52
2021-10-20,28.58,-19.90
2021-10-19,28.47,-19.85
2021-10-18,28.26,-21.74
2021-10-15,28.17,-21.97
2021-10-13,27.49,-24.48
2021-10-12,27.41,-25.17
2021-10-11,27.47,-23.78
2021-10-08,27.66,-22.56
2021-10-07,27.72,-21.78
2021-10-06,27.49,-21.07
2021-10-05,27.38,-22.50
2021-10-04,27.09,-21.93
2021-10-01,24.39,-30.91
2021-09-30,27.14,-22.12
2021-09-29,27.46,-20.57
2021-09-28,27.42,-21.07
2021-09-27,27.99,-18.11
2021-09-24,28.07,-16.58
2021-09-23,28.03,-16.45
2021-09-22,27.69,-19.41
2021-09-21,27.43,-19.32
2021-09-20,27.45,-20.20
2021-09-17,27.93,-19.72
2021-09-16,28.18,-19.69
2021-09-15,28.23,-19.91
2021-09-13,28.15,-18.71
2021-09-10,28.09,-18.84
2021-09-09,35.05,-0.51
2021-09-08,35.21,1.97
2021-09-07,35.26,-0.73
2021-09-03,35.38,-1.20
2021-09-02,35.39,-4.63
2021-09-01,25.34,-26.06
2021-08-31,35.28,-2.76
2021-08-30,35.33,-2.83
2021-08-27,35.17,-2.60
2021-08-26,34.87,-3.27
2021-08-25,35.07,-1.74
2021-08-24,34.99,-1.60
2021-08-23,34.94,-0.77
2021-08-20,34.65,-1.25
2021-08-19,34.37,-1.74
2021-08-18,34.32,-2.31
2021-08-17,34.70,-1.00
2021-08-16,34.94,-0.06
2021-08-13,34.85,20.30
2021-08-12,34.80,19.88
2021-08-11,34.69,21.17
2021-08-10,34.61,19.92
2021-08-09,34.57,20.12
2021-08-06,34.61,20.30
2021-08-05,34.55,20.89
2021-08-04,34.34,20.92
2021-08-03,34.50,21.91
2021-08-02,34.22,-0.55
2021-08-01,26.22,-23.80
2021-07-30,34.28,22.96
2021-07-29,34.47,23.15
2021-07-28,34.33,24.20
2021-07-27,34.33,23.40
2021-07-26,34.50,24.91
2021-07-23,34.41,23.82
2021-07-22,34.07,21.07
2021-07-21,34.00,21.52
2021-07-20,33.72,20.73
2021-07-19,33.22,19.93
2021-07-16,33.75,22.19
2021-07-15,34.01,22.74
2021-07-13,34.08,25.76
2021-07-12,34.20,25.00
2021-07-09,34.08,25.90
2021-07-08,33.70,23.76
2021-07-07,33.96,25.68
2021-07-06,33.85,23.95
2021-07-02,33.92,26.19
2021-07-01,26.56,-18.13
2021-06-30,33.49,25.76
2021-06-29,33.45,27.57
2021-06-28,33.44,29.41
2021-06-25,33.36,25.93
2021-06-24,33.25,26.91
2021-06-23,33.06,22.95
2021-06-22,33.09,23.56
2021-06-21,32.92,23.71
2021-06-18,32.47,21.34
2021-06-17,32.90,23.04
2021-06-16,32.92,22.65
2021-06-15,33.09,25.63
2021-06-11,33.10,28.34
2021-06-10,33.04,20.58
2021-06-09,32.88,42.96
2021-06-08,32.94,42.11
2021-06-07,32.94,43.84
2021-06-04,32.96,47.67
2021-06-03,32.68,45.96
2021-06-02,32.79,48.44
2021-06-01,26.70,-14.67
2021-05-28,44.66,105.62
2021-05-27,44.63,105.01
2021-05-26,44.58,107.83
2021-05-25,44.49,109.96
2021-05-24,44.59,110.43
2021-05-21,44.15,108.85
2021-05-20,44.19,107.37
2021-05-19,43.72,108.59
2021-05-18,43.85,107.03
2021-05-17,44.23,115.44
2021-05-14,44.34,116.82
2021-05-13,43.69,116.07
2021-05-12,43.16,109.72
2021-05-11,44.11,109.95
2021-05-10,44.50,111.80
2021-05-07,44.97,117.67
2021-05-06,44.63,118.56
2021-05-05,44.27,115.22
2021-05-04,44.24,117.08
2021-05-03,44.54,60.10
2021-05-01,28.05,0.83
2021-04-30,44.41,112.69
2021-04-29,44.74,112.24
2021-04-28,44.44,116.46
2021-04-27,44.47,115.46
2021-04-26,44.48,118.68
2021-04-23,44.40,121.34
2021-04-22,43.92,118.83
2021-04-21,44.33,125.94
2021-04-20,43.92,117.00
2021-04-19,44.22,114.56
2021-04-16,44.46,121.52
2021-04-15,44.30,121.94
2021-04-13,43.99,122.51
2021-04-12,43.85,119.47
2021-04-09,43.86,119.52
2021-04-08,43.52,121.03
2021-04-07,43.34,127.63
2021-04-06,43.28,115.97
2021-04-05,44.94,140.06
2021-04-01,29.92,19.82
2021-03-31,43.78,125.21
2021-03-30,43.63,120.80
2021-03-29,43.76,128.87
2021-03-26,43.80,121.44
2021-03-25,43.09,131.42
2021-03-24,42.86,132.81
2021-03-23,43.10,156.09
2021-03-22,43.43,150.46
2021-03-19,43.12,137.97
2021-03-18,43.15,139.19
2021-03-17,43.80,130.28
2021-03-16,43.67,143.29
2021-03-15,43.74,114.52
2021-03-12,43.46,132.90
2021-03-11,43.41,110.52
2021-03-10,42.97,98.20
2021-03-09,42.71,106.73
2021-03-08,42.11,88.33
2021-03-05,42.34,86.11
2021-03-04,41.53,76.42
2021-03-03,42.10,86.37
2021-03-02,39.40,69.54
2021-03-01,30.50,33.77
2021-02-26,38.80,65.53
2021-02-25,38.99,65.70
2021-02-24,39.97,64.76
2021-02-23,39.52,57.39
2021-02-22,39.47,57.19
2021-02-19,39.78,56.18
2021-02-18,39.85,57.20
2021-02-17,40.03,57.47
2021-02-16,40.04,57.51
2021-02-12,40.06,57.59
2021-02-11,39.87,58.15
2021-02-10,39.81,57.91
2021-02-09,39.82,58.20
2021-02-08,39.87,58.40
2021-02-05,39.57,57.78
2021-02-04,39.42,58.95
2021-02-03,39.00,59.57
2021-02-02,38.96,47.46
2021-02-01,33.24,25.81
2021-01-29,37.82,53.61
2021-01-28,38.56,56.49
2021-01-27,38.19,56.52
2021-01-26,39.19,58.09
2021-01-25,39.25,58.33
2021-01-22,39.11,56.50
2021-01-21,39.23,57.05
2021-01-20,39.22,56.63
2021-01-19,38.68,54.47
2021-01-15,38.37,55.09
2021-01-14,38.64,56.44
2021-01-13,38.79,56.85
2021-01-12,38.47,56.64
2021-01-11,38.46,56.60
2021-01-08,38.71,58.19
2021-01-07,38.50,58.11
2021-01-06,37.94,55.36
2021-01-05,37.72,55.03
2021-01-04,37.46,53.97
2021-01-01,35.96,44.53
2020-12-31,38.02,56.46
2020-12-30,37.77,55.88
2020-12-29,37.72,54.78
2020-12-28,37.81,55.15
2020-12-24,37.48,54.56
2020-12-23,37.35,56.74
2020-12-22,37.32,56.74
2020-12-21,37.40,57.08
2020-12-18,37.55,59.18
2020-12-17,37.68,59.66
2020-12-16,37.46,58.80
2020-12-15,37.40,59.62
2020-12-14,36.92,57.58
2020-12-11,37.08,59.62
2020-12-10,37.13,60.32
2020-12-09,37.17,60.35
2020-12-08,37.47,61.09
2020-12-07,37.37,60.66
2020-12-04,37.44,62.71
2020-12-03,37.11,62.26
2020-12-02,37.14,61.34
2020-12-01,39.26,72.34
2020-11-30,36.66,57.88
2020-11-27,36.83,58.00
2020-11-25,37.63,62.41
2020-11-24,37.68,63.90
2020-11-23,37.09,61.33
2020-11-20,36.88,60.49
2020-11-19,37.13,60.94
2020-11-18,36.98,60.23
2020-11-17,37.42,62.20
2020-11-16,36.55,58.43
2020-11-13,36.13,57.98
2020-11-12,35.65,55.95
2020-11-11,36.00,57.76
2020-11-10,35.73,56.23
2020-11-09,35.78,56.45
2020-11-06,35.37,55.47
2020-11-05,35.38,55.65
2020-11-04,34.70,52.46
2020-11-03,33.95,50.09
2020-11-02,33.36,47.48
2020-11-01,37.17,64.32
2020-10-30,32.95,46.31
2020-10-29,33.36,47.61
2020-10-28,32.96,45.71
2020-10-27,34.17,51.93
2020-10-26,34.27,52.38
2020-10-23,34.92,56.17
2020-10-22,35.79,60.57
2020-10-21,35.61,59.19
2020-10-20,35.68,60.58
2020-10-19,35.52,59.86
2020-10-16,36.11,62.29
2020-10-15,36.10,61.96
2020-10-14,36.16,63.84
2020-10-13,36.40,64.71
2020-10-12,36.63,65.75
2020-10-09,36.04,65.93
2020-10-08,35.72,65.91
2020-10-07,35.44,62.05
2020-10-06,34.83,58.53
2020-10-05,35.33,60.81
2020-10-02,34.70,61.47
2020-10-01,35.30,60.16
2020-09-30,34.85,57.34
2020-09-29,34.57,56.85
2020-09-28,34.74,57.62
2020-09-25,34.18,53.89
2020-09-24,33.65,52.40
2020-09-23,33.55,50.72
2020-09-22,34.36,54.36
2020-09-21,34.00,52.74
2020-09-18,34.40,53.78
2020-09-17,34.79,55.52
2020-09-16,35.09,57.28
2020-09-15,35.25,57.51
2020-09-14,35.07,56.70
2020-09-11,34.63,55.08
2020-09-10,34.61,56.11
2020-09-09,35.23,58.98
2020-09-08,34.53,55.75
2020-09-04,35.52,62.49
2020-09-03,35.81,65.56
2020-09-02,37.11,65.37
2020-09-01,34.27,52.72
2020-08-31,36.28,66.57
2020-08-28,36.36,70.30
2020-08-27,36.11,69.13
2020-08-26,36.05,68.30
2020-08-25,35.69,68.43
2020-08-24,35.56,67.82
2020-08-21,35.21,61.81
2020-08-20,35.09,62.60
2020-08-19,34.98,60.75
2020-08-18,35.13,63.40
2020-08-17,35.05,63.02
2020-08-14,34.96,65.37
2020-08-13,28.97,33.01
2020-08-12,29.03,35.34
2020-08-11,28.63,31.81
2020-08-10,28.86,32.87
2020-08-07,28.78,34.24
2020-08-06,28.77,34.19
2020-08-05,28.58,35.00
2020-08-04,28.40,30.16
2020-08-03,28.30,29.70
2020-08-01,34.41,58.79
2020-07-31,28.10,26.69
2020-07-30,27.88,24.35
2020-07-29,27.99,24.51
2020-07-28,27.64,22.74
2020-07-27,27.82,23.53
2020-07-24,27.62,22.92
2020-07-23,27.79,24.28
2020-07-22,28.14,27.04
2020-07-21,27.98,26.32
2020-07-20,27.93,26.09
2020-07-17,27.70,24.72
2020-07-16,27.62,23.58
2020-07-15,27.71,23.54
2020-07-14,27.46,22.43
2020-07-13,27.10,20.82
2020-07-10,27.36,22.86
2020-07-09,27.07,22.10
2020-07-08,27.23,23.27
2020-07-07,27.02,21.71
2020-07-06,27.31,23.02
2020-07-02,26.88,21.79
2020-07-01,32.44,45.60
2020-06-30,26.63,21.99
2020-06-29,26.22,20.11
2020-06-26,25.84,19.46
2020-06-25,26.49,22.36
2020-06-24,26.20,19.85
2020-06-23,26.89,22.79
2020-06-22,26.78,22.28
2020-06-19,26.61,22.51
2020-06-18,26.76,23.55
2020-06-17,26.74,24.66
2020-06-16,26.84,25.24
2020-06-15,26.34,22.91
2020-06-12,26.12,22.17
2020-06-11,25.79,20.40
2020-06-10,27.40,27.86
2020-06-09,23.00,7.83
2020-06-08,23.18,8.67
2020-06-05,22.90,9.15
2020-06-04,22.32,7.26
2020-06-03,22.39,9.92
2020-06-02,22.09,3.37
2020-06-01,31.29,46.42
2020-05-29,21.83,5.66
2020-05-28,21.72,4.42
2020-05-27,21.77,3.77
2020-05-26,21.45,2.24
2020-05-22,21.19,-0.05
2020-05-21,21.14,-0.56
2020-05-20,21.31,1.09
2020-05-19,20.96,-1.23
2020-05-18,21.18,-0.19
2020-05-15,20.53,-2.98
2020-05-14,20.45,-2.80
2020-05-13,20.22,-3.11
2020-05-12,20.58,-3.79
2020-05-11,21.01,-1.78
2020-05-08,21.01,-1.68
2020-05-07,20.66,-3.50
2020-05-06,20.42,-7.81
2020-05-05,20.57,-7.55
2020-05-04,20.38,-8.40
2020-05-01,27.82,31.54
2020-04-30,20.88,-6.16
2020-04-29,21.08,-5.17
2020-04-28,20.53,-7.56
2020-04-27,20.64,-7.07
2020-04-24,20.34,-8.01
2020-04-23,20.06,-9.48
2020-04-22,20.07,-8.65
2020-04-21,19.62,-10.57
2020-04-20,20.24,-7.75
2020-04-17,20.61,-5.93
2020-04-16,20.07,-8.61
2020-04-15,19.96,-9.07
2020-04-14,20.41,-7.06
2020-04-13,19.77,-9.97
2020-04-09,19.98,-8.10
2020-04-08,19.69,-9.97
2020-04-07,19.04,-12.86
2020-04-06,20.04,-8.28
2020-04-03,18.72,-13.73
2020-04-02,19.01,-11.29
2020-04-01,24.97,15.82
2020-03-31,19.44,-8.22
2020-03-30,19.76,-6.70
2020-03-27,19.12,-8.82
2020-03-26,19.78,-6.08
2020-03-25,18.62,-10.95
2020-03-24,18.41,-13.73
2020-03-23,16.83,-21.13
2020-03-20,17.34,-17.86
2020-03-19,18.12,-14.41
2020-03-18,18.04,-14.79
2020-03-17,19.02,-9.82
2020-03-16,17.95,-14.89
2020-03-13,20.39,-2.95
2020-03-12,18.66,-10.55
2020-03-11,20.62,-0.87
2020-03-10,21.68,5.76
2020-03-09,20.66,0.78
2020-03-06,22.36,7.97
2020-03-05,22.75,6.31
2020-03-04,23.54,9.90
2020-03-03,22.59,8.29
2020-03-02,23.24,11.41
2020-03-01,22.80,9.30
2020-02-28,22.22,4.03
2020-02-27,22.41,4.62
2020-02-26,23.44,9.38
2020-02-25,23.53,9.75
2020-02-24,24.26,13.26
2020-02-21,25.11,18.00
2020-02-20,25.37,18.77
2020-02-19,25.47,19.47
2020-02-18,25.35,19.07
2020-02-14,25.42,20.70
2020-02-13,25.38,20.23
2020-02-12,25.42,20.76
2020-02-10,25.21,21.38
2020-02-06,25.17,20.14
2020-02-05,25.08,19.43
2020-02-04,24.80,18.66
2020-02-03,24.44,18.64
2020-02-01,26.42,28.25
2020-01-31,24.26,16.97
2020-01-30,24.70,20.14
2020-01-29,24.62,21.58
2020-01-28,24.64,21.50
2020-01-27,24.40,20.37
2020-01-24,24.79,22.30
2020-01-23,25.01,23.57
2020-01-22,24.99,23.77
2020-01-21,24.98,21.97
2020-01-17,25.04,23.84
2020-01-16,24.95,24.38
2020-01-15,24.74,23.58
2020-01-14,24.70,24.68
2020-01-13,24.73,24.21
2020-01-10,24.56,23.36
2020-01-09,24.63,24.21
2020-01-08,24.47,23.96
2020-01-07,24.35,24.55
2020-01-06,24.42,25.75
2020-01-03,24.33,29.62
2020-01-02,24.50,27.27
2020-01-01,24.88,26.94
2019-12-31,24.30,26.37
2019-12-30,24.23,27.12
2019-12-27,24.37,27.66
2019-12-26,24.37,28.74
2019-12-24,24.25,34.50
2019-12-23,23.83,28.60
2019-12-20,23.81,25.85
2019-12-19,23.70,23.24
2019-12-18,23.59,20.79
2019-12-17,23.60,20.84
2019-12-16,23.59,18.30
2019-12-13,23.43,15.25
2019-12-12,23.42,15.20
2019-12-11,23.23,7.90
2019-12-10,23.16,7.52
2019-12-09,23.18,7.81
2019-12-06,23.26,5.68
2019-12-05,23.05,4.54
2019-12-04,23.01,4.35
2019-12-03,22.87,0.40
2019-12-02,23.02,18.72
2019-12-01,22.78,17.48
2019-11-29,23.22,3.89
2019-11-27,23.31,6.44
2019-11-26,23.22,6.37
2019-11-25,23.17,7.82
2019-11-22,22.99,6.24
2019-11-21,22.94,6.01
2019-11-20,22.98,6.54
2019-11-19,23.07,5.01
2019-11-18,23.08,3.31
2019-11-15,23.07,3.50
2019-11-14,22.89,3.76
2019-11-13,22.87,2.88
2019-11-12,22.86,0.66
2019-11-11,22.82,0.48
2019-11-08,22.87,-0.22
2019-11-07,22.81,-0.70
2019-11-06,22.75,1.11
2019-11-05,22.73,1.65
2019-11-04,22.76,2.38
2019-11-01,22.62,9.43
2019-10-31,22.46,1.45
2019-10-30,22.52,2.83
2019-10-29,22.60,4.78
2019-10-28,22.62,4.19
2019-10-25,22.49,1.81
2019-10-24,22.40,3.27
2019-10-23,22.36,-0.09
2019-10-22,22.29,-0.93
2019-10-21,22.37,-1.02
2019-10-18,22.22,-1.72
2019-10-17,22.31,-2.75
2019-10-16,22.25,-3.01
2019-10-15,22.29,-0.76
2019-10-14,22.07,-7.93
2019-10-11,22.10,-6.51
2019-10-10,21.86,-9.41
2019-10-09,21.72,-13.12
2019-10-08,21.53,-13.88
2019-10-07,21.87,-12.52
2019-10-04,21.97,-12.61
2019-10-03,21.66,-14.52
2019-10-02,21.49,-15.13
2019-10-01,22.04,3.72
2019-09-30,22.15,-12.24
2019-09-27,22.04,-12.68
2019-09-26,22.16,-11.96
2019-09-25,22.21,-12.07
2019-09-24,22.08,-12.69
2019-09-23,22.26,-12.29
2019-09-20,22.26,-12.33
2019-09-19,22.37,-11.19
2019-09-18,22.37,-11.09
2019-09-17,22.37,-10.59
2019-09-16,22.31,-11.33
2019-09-13,22.38,-11.05
2019-09-12,22.39,-10.55
2019-09-11,22.33,-10.75
2019-09-10,22.17,-11.04
2019-09-09,22.16,-10.93
2019-09-06,22.17,-11.07
2019-09-05,22.15,-11.47
2019-09-04,21.86,-12.87
2019-09-03,21.63,-2.79
2019-09-01,22.44,0.85
2019-08-30,21.78,-13.33
2019-08-29,21.76,-13.79
2019-08-27,21.35,-14.91
2019-08-26,21.42,-13.98
2019-08-23,21.19,-14.38
2019-08-22,21.75,-12.26
2019-08-21,21.76,-12.26
2019-08-20,21.58,-12.81
2019-08-19,21.76,-11.87
2019-08-16,21.50,-12.64
2019-08-15,21.19,-13.19
2019-08-14,21.14,-14.07
2019-08-13,21.78,-10.92
2019-08-12,21.45,-12.59
2019-08-09,21.72,-12.14
2019-08-08,21.86,-11.71
2019-08-06,21.44,-13.16
2019-08-05,21.17,-13.98
2019-08-02,21.82,-10.90
2019-08-01,21.67,-3.13
2019-07-31,22.18,-9.10
2019-07-30,22.42,-7.66
2019-07-29,22.48,-7.94
2019-07-26,22.52,-8.38
2019-07-25,22.35,-9.33
2019-07-24,22.47,-8.02
2019-07-23,22.36,-8.06
2019-07-19,22.15,-8.81
2019-07-18,22.29,-8.80
2019-07-17,22.21,-8.90
2019-07-16,22.35,-7.99
2019-07-15,22.43,-7.73
2019-07-12,22.43,-7.62
2019-07-11,22.32,-7.27
2019-07-10,22.27,-8.16
2019-07-09,22.17,-8.24
2019-07-08,22.09,-7.77
2019-07-05,22.20,-6.53
2019-07-03,22.24,-5.56
2019-07-02,22.07,-6.72
2019-07-01,22.28,-0.22
2019-06-28,21.83,-7.38
2019-06-27,21.71,-7.34
2019-06-26,21.63,-8.46
2019-06-25,21.65,-8.18
2019-06-24,21.86,-8.57
2019-06-21,21.90,-8.21
2019-06-20,21.93,-8.70
2019-06-19,21.72,-9.42
2019-06-18,21.66,-10.01
2019-06-17,21.45,-11.07
2019-06-14,21.43,-11.26
2019-06-13,21.46,-10.92
2019-06-12,21.38,-11.62
2019-06-11,21.42,-11.27
2019-06-10,21.43,-11.15
2019-06-07,21.33,-11.27
2019-06-06,21.11,-12.26
2019-06-05,20.98,-12.07
2019-06-04,20.81,-12.71
2019-06-03,20.37,-9.43
2019-06-01,21.37,-4.98
2019-05-31,20.43,-12.99
2019-05-30,20.70,-12.44
2019-05-29,20.66,-11.48
2019-05-28,20.80,-11.94
2019-05-24,20.98,-11.36
2019-05-23,20.95,-11.68
2019-05-22,21.20,-10.32
2019-05-21,21.26,-10.37
2019-05-20,21.08,-10.45
2019-05-17,21.22,-10.12
2019-05-16,21.35,-9.65
2019-05-15,21.16,-10.07
2019-05-14,21.04,-11.19
2019-05-13,20.87,-11.83
2019-05-10,21.39,-9.48
2019-05-09,21.31,-8.97
2019-05-08,21.37,-7.85
2019-05-07,21.41,-7.68
2019-05-06,22.15,-4.15
2019-05-03,22.25,-2.50
2019-05-02,22.04,-3.63
2019-05-01,21.15,-5.96
2019-04-30,22.25,-3.18
2019-04-29,22.23,-4.06
2019-04-26,22.21,-4.02
2019-04-25,22.10,-3.54
2019-04-24,22.11,-3.28
2019-04-23,22.16,-4.36
2019-04-22,21.97,-5.18
2019-04-18,21.94,-6.68
2019-04-17,21.91,-6.73
2019-04-16,21.96,-5.51
2019-04-15,21.95,-4.77
2019-04-12,21.96,-5.02
2019-04-11,21.82,-4.84
2019-04-10,21.82,-5.38
2019-04-09,21.74,-4.14
2019-04-08,21.87,-3.23
2019-04-05,21.85,-5.45
2019-04-04,21.75,-5.23
2019-04-03,21.70,-4.36
2019-04-02,21.43,-4.37
2019-04-01,21.56,-4.31
2019-03-29,21.18,-7.59
2019-03-28,21.04,-6.94
2019-03-27,20.97,-7.50
2019-03-26,21.06,-8.71
2019-03-25,20.91,-6.90
2019-03-21,21.34,-9.35
2019-03-20,21.11,-10.47
2019-03-19,21.17,-10.07
2019-03-18,21.17,-11.35
2019-03-15,21.09,-11.54
2019-03-14,20.99,-12.03
2019-03-13,21.01,-12.46
2019-03-12,20.86,-13.62
2019-03-11,20.80,-13.98
2019-03-08,20.50,-13.76
2019-03-07,20.54,-13.19
2019-03-06,20.71,-12.54
2019-03-05,21.40,-9.36
2019-03-04,21.42,-8.30
2019-03-01,20.86,-10.89
2019-02-28,21.36,-15.71
2019-02-27,21.42,-16.43
2019-02-26,21.43,-17.45
2019-02-25,21.44,-16.45
2019-02-22,21.42,-15.17
2019-02-21,21.28,-15.66
2019-02-20,21.36,-15.81
2019-02-19,21.32,-16.46
2019-02-15,21.29,-16.54
2019-02-14,21.06,-16.43
2019-02-13,21.11,-15.12
2019-02-12,21.05,-15.12
2019-02-11,20.78,-15.04
2019-02-08,20.77,-13.82
2019-02-07,20.75,-17.13
2019-02-06,20.95,-16.77
2019-02-05,21.00,-15.12
2019-02-04,20.90,-18.99
2019-02-01,20.60,-13.52
2019-01-31,20.74,-21.35
2019-01-30,20.56,-22.00
2019-01-29,20.25,-24.02
2019-01-28,20.28,-24.41
2019-01-24,20.27,-23.51
2019-01-23,20.24,-23.65
2019-01-22,20.19,-23.70
2019-01-18,20.48,-21.62
2019-01-17,20.22,-22.74
2019-01-16,20.06,-22.64
2019-01-15,20.02,-25.27
2019-01-14,19.81,-26.05
2019-01-11,19.91,-25.18
2019-01-10,19.91,-24.64
2019-01-09,19.83,-25.03
2019-01-08,19.74,-25.28
2019-01-07,19.55,-25.35
2019-01-04,19.42,-25.85
2019-01-03,18.77,-28.03
2019-01-02,19.25,-22.91
2019-01-01,19.60,-21.51
2018-12-31,19.23,-25.18
2018-12-28,19.06,-26.24
2018-12-27,19.09,-25.98
2018-12-26,18.93,-26.54
2018-12-24,18.03,-30.12
2018-12-21,18.53,-28.21
2018-12-20,18.92,-26.55
2018-12-19,19.23,-25.41
2018-12-18,19.53,-24.48
2018-12-17,19.53,-24.07
2018-12-14,19.94,-21.80
2018-12-13,20.33,-20.59
2018-12-12,20.33,-20.62
2018-12-11,21.53,-15.80
2018-12-10,21.54,-15.50
2018-12-07,21.50,-15.19
2018-12-06,22.01,-12.94
2018-12-04,22.05,-13.09
2018-12-03,22.78,-6.06
2018-12-01,19.39,-20.04
2018-11-30,22.54,-11.43
2018-11-29,22.35,-11.49
2018-11-28,22.40,-11.32
2018-11-27,21.90,-12.44
2018-11-26,21.83,-12.75
2018-11-23,21.49,-13.94
2018-11-21,21.64,-13.41
2018-11-20,21.57,-13.09
2018-11-19,21.97,-11.38
2018-11-16,22.34,-10.14
2018-11-15,22.29,-9.61
2018-11-14,22.06,-11.01
2018-11-13,22.23,-10.54
2018-11-09,22.71,-8.61
2018-11-08,22.92,-8.10
2018-11-07,22.97,-7.79
2018-11-06,22.50,-9.67
2018-11-05,22.36,-10.13
2018-11-02,22.23,-13.57
2018-11-01,20.67,-13.19
2018-10-31,22.14,-13.79
2018-10-30,21.90,-14.62
2018-10-29,21.57,-16.20
2018-10-26,21.71,-14.96
2018-10-25,22.09,-13.37
2018-10-24,21.69,-15.34
2018-10-23,22.38,-12.51
2018-10-22,22.50,-12.38
2018-10-19,22.60,-11.55
2018-10-18,22.61,-11.47
2018-10-17,22.94,-10.04
2018-10-16,22.94,-10.04
2018-10-15,22.46,-11.78
2018-10-12,23.97,-5.78
2018-10-11,23.64,-7.22
2018-10-10,24.13,-4.89
2018-10-05,25.00,-1.77
2018-10-04,25.14,-0.63
2018-10-03,25.34,0.28
2018-10-02,25.32,0.40
2018-10-01,21.25,-10.22
2018-09-28,25.24,0.84
2018-09-27,25.24,0.96
2018-09-26,25.17,1.08
2018-09-25,25.26,1.49
2018-09-24,25.29,1.36
2018-09-21,25.38,1.81
2018-09-20,25.39,1.52
2018-09-19,25.19,0.80
2018-09-18,25.16,0.76
2018-09-17,25.02,0.36
2018-09-14,25.16,1.13
2018-09-13,25.16,1.08
2018-09-12,25.03,0.56
2018-09-11,25.02,0.85
2018-09-10,24.92,1.55
2018-09-07,24.88,1.22
2018-09-06,24.93,1.42
2018-09-05,25.02,2.08
2018-09-04,25.09,7.77
2018-09-01,22.25,-4.42
2018-08-31,25.13,1.95
2018-08-30,25.13,2.53
2018-08-29,25.24,3.49
2018-08-28,25.10,3.04
2018-08-27,25.09,3.00
2018-08-24,24.90,2.38
2018-08-23,24.75,1.56
2018-08-22,24.79,2.40
2018-08-21,24.80,2.44
2018-08-20,24.75,2.32
2018-08-17,24.69,1.90
2018-08-16,24.61,0.12
2018-08-15,24.41,-0.69
2018-08-14,24.60,0.04
2018-08-13,24.45,0.45
2018-08-10,24.54,0.95
2018-08-09,24.72,0.16
2018-08-08,24.76,0.32
2018-08-07,24.76,0.08
2018-08-06,24.69,-0.04
2018-08-03,24.61,-0.16
2018-08-02,24.49,-0.85
2018-08-01,22.37,-3.41
2018-07-31,24.40,-6.62
2018-07-30,24.28,-7.15
2018-07-27,24.42,-6.72
2018-07-26,24.58,-6.22
2018-07-25,24.65,-5.92
2018-07-24,24.43,-6.47
2018-07-23,24.32,-7.00
2018-07-20,24.27,-7.22
2018-07-19,24.29,-6.65
2018-07-18,24.44,-6.07
2018-07-17,24.38,-6.27
2018-07-16,24.29,-6.61
2018-07-13,24.31,-6.10
2018-07-12,24.28,-5.34
2018-07-11,24.07,-6.16
2018-07-10,24.25,-5.46
2018-07-09,24.16,-5.81
2018-07-06,23.95,-6.04
2018-07-05,23.75,-7.70
2018-07-03,23.55,-8.33
2018-07-02,23.66,1.28
2018-07-01,22.33,-4.41
2018-06-29,23.59,-7.82
2018-06-28,23.57,-8.68
2018-06-27,23.43,-8.44
2018-06-26,23.63,-8.41
2018-06-25,23.58,-8.57
2018-06-22,23.91,-7.15
2018-06-21,23.86,-7.38
2018-06-20,24.02,-6.83
2018-06-19,23.98,-7.59
2018-06-18,24.07,-6.45
2018-06-15,24.12,-6.26
2018-06-14,24.15,-6.32
2018-06-13,24.09,-6.66
2018-06-12,24.19,-5.84
2018-06-11,24.14,-6.14
2018-06-08,24.12,-6.29
2018-06-07,24.04,-6.57
2018-06-06,24.06,-6.34
2018-06-05,23.86,-12.73
2018-06-04,23.84,-12.93
2018-06-01,22.49,-3.89
2018-05-31,23.48,-13.26
2018-05-30,23.64,-12.70
2018-05-29,23.34,-13.94
2018-05-25,23.62,-12.87
2018-05-24,23.67,-12.30
2018-05-23,23.72,-11.89
2018-05-22,23.64,-12.02
2018-05-21,23.72,-11.26
2018-05-18,23.54,-11.34
2018-05-17,23.61,-10.77
2018-05-16,23.63,-12.32
2018-05-15,23.53,-12.75
2018-05-14,23.69,-11.74
2018-05-11,23.67,-12.14
2018-05-10,23.63,-12.29
2018-05-09,23.41,-12.97
2018-05-08,23.19,-13.89
2018-05-07,23.19,-13.53
2018-05-04,23.11,-13.83
2018-05-03,22.82,-14.88
2018-05-02,22.87,-14.79
2018-05-01,22.49,-3.52
2018-04-30,22.98,-14.13
2018-04-27,23.17,-13.58
2018-04-26,23.14,-13.66
2018-04-25,22.91,-14.55
2018-04-24,22.86,-14.22
2018-04-23,23.17,-12.10
2018-04-20,23.17,-12.37
2018-04-19,23.37,-10.97
2018-04-18,23.51,-10.57
2018-04-17,23.49,-10.92
2018-04-16,23.24,-11.09
2018-04-13,23.05,-11.82
2018-04-12,23.12,-12.16
2018-04-11,22.93,-13.21
2018-04-10,23.06,-12.85
2018-04-09,22.68,-14.22
2018-04-06,22.60,-14.59
2018-04-05,23.11,-12.50
2018-04-04,22.95,-13.33
2018-04-03,22.69,-14.31
2018-04-02,22.41,-3.57
2018-04-01,22.53,-3.06
2018-03-29,22.92,-13.51
2018-03-28,22.61,-13.96
2018-03-27,22.67,-13.74
2018-03-26,23.07,-12.31
2018-03-23,22.46,-14.70
2018-03-22,22.94,-12.97
2018-03-21,23.54,-10.53
2018-03-20,23.58,-11.49
2018-03-19,23.54,-11.84
2018-03-16,23.88,-10.66
2018-03-15,23.84,-10.95
2018-03-14,23.86,-10.13
2018-03-13,24.00,-9.91
2018-03-12,24.15,-9.31
2018-03-09,24.18,-8.82
2018-03-08,23.77,-10.37
2018-03-07,23.66,-10.99
2018-03-06,23.68,-11.18
2018-03-05,23.61,-11.74
2018-03-02,23.36,-12.64
2018-03-01,23.41,-0.81
2018-02-28,25.34,-4.49
2018-02-27,25.63,-3.65
2018-02-26,25.96,-2.30
2018-02-23,25.66,-3.28
2018-02-22,25.25,-4.79
2018-02-21,25.23,-4.97
2018-02-20,25.37,-3.87
2018-02-16,25.52,-3.15
2018-02-15,25.51,-3.26
2018-02-14,25.20,-3.96
2018-02-13,24.87,-4.82
2018-02-12,24.80,-4.62
2018-02-09,24.46,-5.60
2018-02-08,24.10,-6.44
2018-02-07,25.04,-2.68
2018-02-06,25.17,-2.18
2018-02-05,24.74,-4.07
2018-02-02,25.80,-1.68
2018-02-01,23.82,0.59
2018-01-31,26.37,0.57
2018-01-30,26.36,-0.15
2018-01-29,26.65,0.95
2018-01-26,26.83,1.55
2018-01-25,26.52,0.30
2018-01-24,26.50,1.03
2018-01-23,26.51,1.73
2018-01-22,26.46,1.26
2018-01-19,26.25,0.42
2018-01-18,26.13,-0.04
2018-01-17,26.17,0.31
2018-01-16,25.93,-0.92
2018-01-12,26.79,2.57
2018-01-11,26.61,1.95
2018-01-10,26.42,1.23
2018-01-09,26.45,1.34
2018-01-08,26.42,0.84
2018-01-04,26.19,0.23
2018-01-03,26.08,0.38
2018-01-01,24.97,5.85
2017-12-29,25.70,-0.70
2017-12-28,25.84,-1.00
2017-12-27,25.79,-1.19
2017-12-26,25.77,-1.07
2017-12-22,25.80,-1.00
2017-12-21,25.81,-0.96
2017-12-20,25.76,-1.42
2017-12-19,25.78,-0.96
2017-12-18,25.86,-0.46
2017-12-15,25.72,-0.77
2017-12-14,25.50,-1.62
2017-12-13,25.60,-2.07
2017-12-12,25.61,-1.39
2017-12-11,25.57,-1.65
2017-12-08,25.49,-1.35
2017-12-07,25.35,-1.71
2017-12-06,25.28,-0.67
2017-12-05,25.28,-0.35
2017-12-04,25.37,0.59
2017-12-01,24.25,2.06
2017-11-30,25.45,0.59
2017-11-29,25.25,-0.43
2017-11-28,25.26,-0.28
2017-11-27,25.01,-1.77
2017-11-24,25.02,-1.38
2017-11-22,24.97,-1.46
2017-11-21,24.99,-1.19
2017-11-20,24.82,-1.12
2017-11-17,24.79,-1.47
2017-11-16,24.86,-0.76
2017-11-15,24.66,-1.71
2017-11-14,24.79,-0.44
2017-11-13,24.85,-0.20
2017-11-10,24.83,-0.44
2017-11-09,24.85,-0.16
2017-11-08,24.94,1.30
2017-11-07,24.91,1.59
2017-11-06,24.91,3.83
2017-11-03,24.88,3.07
2017-11-02,25.72,6.55
2017-11-01,23.81,1.97
2017-10-31,25.68,4.99
2017-10-30,25.65,4.87
2017-10-27,25.74,4.59
2017-10-26,25.53,3.74
2017-10-25,25.50,3.41
2017-10-24,25.62,3.52
2017-10-23,25.58,3.86
2017-10-20,25.68,4.22
2017-10-19,25.55,3.57
2017-10-18,25.54,3.74
2017-10-16,25.50,3.32
2017-10-13,25.46,3.20
2017-10-12,25.44,2.79
2017-10-11,25.48,3.07
2017-10-09,25.37,1.81
2017-10-06,25.42,1.68
2017-10-05,25.45,1.84
2017-10-04,25.30,1.69
2017-10-03,25.27,1.08
2017-10-02,25.22,7.00
2017-10-01,23.67,0.42
2017-09-29,25.12,0.92
2017-09-28,25.03,-0.36
2017-09-27,25.00,0.04
2017-09-26,24.90,-1.15
2017-09-25,24.89,-1.19
2017-09-22,24.95,-0.95
2017-09-21,24.93,0.73
2017-09-20,25.01,1.05
2017-09-19,24.99,0.60
2017-09-18,24.97,0.52
2017-09-15,24.93,0.36
2017-09-14,24.88,1.10
2017-09-12,24.89,-0.36
2017-09-11,24.81,-1.70
2017-09-08,24.54,-2.77
2017-09-07,24.58,-2.81
2017-09-06,24.58,-2.85
2017-09-05,24.51,-2.82
2017-09-01,23.28,-3.88
2017-08-31,24.65,-1.87
2017-08-30,24.51,-2.66
2017-08-29,24.39,-2.79
2017-08-25,24.36,-3.06
2017-08-24,24.32,-3.87
2017-08-23,24.37,-3.68
2017-08-21,24.21,-4.19
2017-08-18,24.19,-4.20
2017-08-17,24.23,-4.04
2017-08-15,24.58,-2.88
2017-08-14,24.59,-2.58
2017-08-11,24.34,-3.64
2017-08-10,24.31,-3.30
2017-08-08,24.68,-2.06
2017-08-07,24.74,-1.94
2017-08-04,24.70,-1.24
2017-08-03,24.65,-1.44
2017-08-02,24.70,-0.92
2017-08-01,23.16,-5.74
2017-07-31,26.13,6.57
2017-07-28,26.15,6.65
2017-07-27,26.18,6.77
2017-07-26,26.21,6.89
2017-07-25,26.20,6.85
2017-07-24,26.12,6.53
2017-07-21,26.15,6.65
2017-07-20,26.16,6.69
2017-07-18,26.02,6.12
2017-07-17,26.01,6.08
2017-07-14,26.01,6.08
2017-07-13,25.89,5.59
2017-07-11,25.65,4.61
2017-07-07,25.65,4.61
2017-07-06,25.49,3.96
2017-07-05,25.73,4.93
2017-07-03,25.69,4.77
2017-07-01,23.36,-4.73
2017-06-30,25.63,6.93
2017-06-29,25.59,6.76
2017-06-28,25.81,7.68
2017-06-27,25.59,6.76
2017-06-26,25.80,7.63
2017-06-23,25.79,7.59
2017-06-22,25.75,7.43
2017-06-21,25.76,7.47
2017-06-20,25.78,7.55
2017-06-19,25.95,8.26
2017-06-16,25.73,7.34
2017-06-15,25.73,7.34
2017-06-14,25.78,7.55
2017-06-13,25.81,7.68
2017-06-12,25.69,7.18
2017-06-09,25.72,7.30
2017-06-08,25.74,7.38
2017-06-07,25.73,7.34
2017-06-06,25.69,7.18
2017-06-05,27.34,14.06
2017-06-02,27.38,14.23
2017-06-01,23.40,-2.38
2017-05-31,27.07,13.69
2017-05-30,27.08,13.73
2017-05-26,27.12,13.90
2017-05-25,27.11,13.86
2017-05-24,26.99,13.36
2017-05-23,26.92,13.06
2017-05-22,26.87,12.85
2017-05-19,26.73,12.26
2017-05-18,26.55,11.51
2017-05-17,26.46,11.13
2017-05-16,26.95,13.19
2017-05-15,26.97,13.27
2017-05-12,26.84,12.73
2017-05-10,26.94,13.15
2017-05-09,26.90,12.98
2017-05-08,26.93,13.10
2017-05-04,26.82,12.64
2017-05-03,26.81,12.60
2017-05-02,26.84,12.73
2017-05-01,23.31,-2.10
2017-04-28,26.76,11.64
2017-04-27,26.81,11.85
2017-04-26,26.80,11.81
2017-04-25,26.81,11.85
2017-04-24,26.65,11.18
2017-04-21,26.36,9.97
2017-04-20,26.44,10.30
2017-04-19,26.25,9.51
2017-04-18,26.29,9.68
2017-04-17,26.37,10.01
2017-04-13,26.14,9.05
2017-04-12,26.32,9.80
2017-04-11,26.42,10.22
2017-04-10,26.46,10.39
2017-04-07,26.44,10.30
2017-04-06,26.46,10.39
2017-04-05,26.41,10.18
2017-04-03,26.48,10.47
2017-04-01,23.24,-3.05
2017-03-30,26.58,13.64
2017-03-29,26.50,13.30
2017-03-27,26.28,12.36
2017-03-24,26.31,12.48
2017-03-23,26.33,12.57
2017-03-22,26.36,12.70
2017-03-21,26.31,12.48
2017-03-20,26.64,13.89
2017-03-17,26.70,14.15
2017-03-16,26.73,14.28
2017-03-15,26.77,14.45
2017-03-14,26.55,13.51
2017-03-13,26.64,13.89
2017-03-10,26.63,13.85
2017-03-08,26.52,13.38
2017-03-07,26.58,13.64
2017-03-06,26.66,13.98
2017-03-03,26.75,14.37
2017-03-02,26.74,14.32
2017-03-01,23.60,0.90
2017-02-28,26.53,20.48
2017-02-27,26.60,20.80
2017-02-24,26.57,20.66
2017-02-23,26.53,20.48
2017-02-22,26.52,20.44
2017-02-21,26.55,20.57
2017-02-17,26.39,19.85
2017-02-16,26.35,19.66
2017-02-15,26.37,19.75
2017-02-14,26.24,19.16
2017-02-13,26.13,18.66
2017-02-10,26.00,18.07
2017-02-09,25.91,17.67
2017-02-08,25.76,16.98
2017-02-06,25.73,16.85
2017-02-03,25.79,17.12
2017-02-02,26.24,19.16
2017-02-01,23.68,7.54
2017-01-31,26.22,18.21
2017-01-27,26.40,19.03
2017-01-26,26.42,19.12
2017-01-25,26.44,19.21
2017-01-24,26.23,18.26
2017-01-23,26.06,17.49
2017-01-20,26.13,17.81
2017-01-18,26.14,17.85
2017-01-17,26.09,17.63
2017-01-13,26.17,17.99
2017-01-12,26.12,17.76
2017-01-09,26.10,17.67
2017-01-06,26.20,18.12
2017-01-05,26.10,17.67
2017-01-04,26.13,17.81
2017-01-03,25.98,17.13
2017-01-01,23.59,6.36
2016-12-30,25.76,8.51
2016-12-29,25.88,9.01
2016-12-27,26.10,9.94
2016-12-23,26.05,9.73
2016-12-21,26.06,9.77
2016-12-20,26.13,10.07
2016-12-19,26.03,9.65
2016-12-16,25.98,9.44
2016-12-14,25.92,9.18
2016-12-13,26.14,10.11
2016-12-12,25.97,9.39
2016-12-09,26.00,9.52
2016-12-08,25.84,8.85
2016-12-07,25.79,8.64
2016-12-06,25.45,7.20
2016-12-05,25.37,6.87
2016-12-02,25.22,6.23
2016-12-01,23.76,0.08
2016-11-30,25.30,6.89
2016-11-29,25.36,7.14
2016-11-28,25.33,7.01
2016-11-25,25.46,7.56
2016-11-23,25.37,7.18
2016-11-22,25.34,7.06
2016-11-21,25.29,6.84
2016-11-18,25.10,6.04
2016-11-17,25.16,6.29
2016-11-16,25.05,5.83
2016-11-15,25.09,6.00
2016-11-14,24.90,5.20
2016-11-11,24.90,5.20
2016-11-10,24.94,5.37
2016-11-09,24.89,5.15
2016-11-08,24.62,4.01
2016-11-07,24.52,3.59
2016-11-04,23.99,1.35
2016-11-02,24.14,1.99
2016-11-01,23.35,-1.35
2016-10-31,24.46,7.85
2016-10-28,24.46,7.85
2016-10-26,24.61,8.51
2016-10-25,24.66,8.73
2016-10-24,24.75,9.13
2016-10-21,24.63,8.60
2016-10-20,24.64,8.64
2016-10-19,24.67,8.77
2016-10-18,24.62,8.55
2016-10-17,24.60,8.47
2016-10-14,24.68,8.82
2016-10-13,24.67,8.77
2016-10-12,24.75,9.13
2016-10-11,24.72,8.99
2016-10-10,25.03,10.36
2016-10-07,24.92,9.88
2016-10-06,25.00,10.23
2016-10-05,24.99,10.19
2016-10-04,24.88,9.70
2016-10-03,25.00,10.23
2016-10-01,23.57,3.92
2016-09-30,25.08,16.92
2016-09-29,24.89,16.04
2016-09-28,25.12,17.11
2016-09-27,24.99,16.50
2016-09-22,25.19,17.44
2016-09-20,24.75,15.38
2016-09-15,24.84,15.80
2016-09-13,24.61,14.73
2016-09-12,24.98,16.46
2016-09-08,25.24,17.67
2016-09-07,25.29,17.90
2016-09-06,25.30,17.95
2016-09-02,25.22,17.58
2016-09-01,24.22,12.91
2016-08-31,25.12,13.41
2016-08-30,25.18,13.68
2016-08-26,25.09,13.27
2016-08-25,25.13,13.45
2016-08-23,25.30,14.22
2016-08-22,25.25,14.00
2016-08-19,25.27,14.09
2016-08-17,25.25,14.00
2016-08-16,25.17,13.63
2016-08-15,25.31,14.27
2016-08-12,25.24,13.95
2016-08-11,25.26,14.04
2016-08-10,25.14,13.50
2016-08-09,25.21,13.81
2016-08-08,25.20,13.77
2016-08-05,25.23,13.91
2016-08-04,25.01,12.91
2016-08-03,25.01,12.91
2016-08-02,24.93,12.55
2016-08-01,24.57,10.93
2016-07-01,24.52,9.46
2016-06-01,23.97,8.36
2016-05-01,23.81,8.62
2016-04-01,23.97,11.90
2016-03-01,23.39,11.59
2016-02-01,22.02,6.02
2016-01-01,22.18,10.79
2015-12-01,23.74,18.23
2015-11-01,23.67,19.85
2015-10-01,22.68,22.59
2015-09-01,21.45,14.04
2015-08-01,22.15,18.58
2015-07-01,22.40,18.14
2015-06-01,22.12,17.16
2015-05-01,21.92,18.74
2015-04-01,21.42,16.73
2015-03-01,20.96,13.42
2015-02-01,20.77,15.01
2015-01-01,20.02,10.30
2014-12-01,20.08,11.31
2014-11-01,19.75,8.82
2014-10-01,18.50,3.58
2014-09-01,18.81,5.20
2014-08-01,18.68,4.30
2014-07-01,18.96,4.64
2014-06-01,18.88,6.07
2014-05-01,18.46,1.15
2014-04-01,18.35,3.73
2014-03-01,18.48,4.52
2014-02-01,18.06,4.27
2014-01-01,18.15,6.58
2013-12-01,18.04,9.73
2013-11-01,18.15,12.59
2013-10-01,17.86,7.46
2013-09-01,17.88,7.13
2013-08-01,17.91,10.97
2013-07-01,18.12,16.53
2013-06-01,17.80,18.27
2013-05-01,18.25,19.91
2013-04-01,17.69,12.68
2013-03-01,17.68,12.68
2013-02-01,17.32,12.69
2013-01-01,17.03,14.53
2012-12-01,16.44,14.97
2012-11-01,16.12,14.33
2012-10-01,16.62,19.74
2012-09-01,16.69,23.63
2012-08-01,16.14,17.04
2012-07-01,15.55,-0.38
2012-06-01,15.05,-1.95
2012-05-01,15.22,-5.58
2012-04-01,15.70,-3.15
2012-03-01,15.69,-2.18
2012-02-01,15.37,-6.96
2012-01-01,14.87,-8.77
2011-12-01,14.30,-10.90
2011-11-01,14.10,-11.21
2011-10-01,13.88,-12.70
2011-09-01,13.50,-13.52
2011-08-01,13.79,-10.86
2011-07-01,15.61,-0.70
2011-06-01,15.35,-4.95
2011-05-01,16.12,-6.82
2011-04-01,16.21,-14.73
2011-03-01,16.04,-15.18
2011-02-01,16.52,-12.64
2011-01-01,16.30,-21.26
2010-12-01,16.05,-26.31
2010-11-01,15.88,-44.30
2010-10-01,15.90,-62.25
2010-09-01,15.61,-81.26
2010-08-01,15.47,-83.36
2010-07-01,15.72,-84.56
2010-06-01,16.15,-86.90
2010-05-01,17.30,-86.02
2010-04-01,19.01,-84.13
2010-03-01,18.91,-82.87
2010-02-01,18.91,-77.62
2010-01-01,20.70,-70.80
2009-12-01,21.78,-63.07
2009-11-01,28.51,-18.52
2009-10-01,42.12,54.74
2009-09-01,83.30,214.58
2009-08-01,92.98,246.55
2009-07-01,101.83,301.38
2009-06-01,123.32,372.31
2009-05-01,123.79,379.81
2009-04-01,119.80,401.68
2009-03-01,110.37,406.05
2009-02-01,84.49,288.64
2009-01-01,70.89,230.34
2008-12-01,58.98,163.89
2008-11-01,34.99,68.14
2008-10-01,27.22,31.62
2008-09-01,26.48,39.00
2008-08-01,26.83,48.89
2008-07-01,25.37,38.18
2008-06-01,26.11,46.44
2008-05-01,25.80,43.97
2008-04-01,23.88,36.61
2008-03-01,21.81,28.90
2008-02-01,21.74,24.30
2008-01-01,21.46,23.62
2007-12-01,22.35,28.60
2007-11-01,20.81,20.71
2007-10-01,20.68,20.65
2007-09-01,19.05,13.60
2007-08-01,18.02,8.10
2007-07-01,18.36,10.54
2007-06-01,17.83,6.00
2007-05-01,17.92,2.63
2007-04-01,17.48,-1.63
2007-03-01,16.92,-4.94
2007-02-01,17.49,-1.74
2007-01-01,17.36,-3.93
2006-12-01,17.38,-3.82
2006-11-01,17.24,-4.28
2006-10-01,17.14,-2.83
2006-09-01,16.77,-9.06
2006-08-01,16.67,-10.95
2006-07-01,16.61,-12.58
2006-06-01,16.82,-11.47
2006-05-01,17.46,-7.77
2006-04-01,17.77,-6.57
2006-03-01,17.80,-10.28
2006-02-01,17.80,-11.49
2006-01-01,18.07,-9.60
2005-12-01,18.07,-11.77
2005-11-01,18.01,-10.17
2005-10-01,17.64,-8.36
2005-09-01,18.44,-4.70
2005-08-01,18.72,-1.63
2005-07-01,19.00,-2.61
2005-06-01,19.00,-5.80
2005-05-01,18.93,-5.96
2005-04-01,19.02,-10.41
2005-03-01,19.84,-8.23
2005-02-01,20.11,-10.46
2005-01-01,19.99,-12.05
2004-12-01,20.48,-7.62
2004-11-01,20.05,-13.39
2004-10-01,19.25,-22.22
2004-09-01,19.35,-26.76
2004-08-01,19.03,-28.38
2004-07-01,19.51,-29.46
2004-06-01,20.17,-29.48
2004-05-01,20.13,-28.72
2004-04-01,21.23,-24.31
2004-03-01,21.62,-22.56
2004-02-01,22.46,-21.08
2004-01-01,22.73,-27.68
2003-12-01,22.17,-31.97
2003-11-01,23.15,-27.72
2003-10-01,24.75,-15.38
2003-09-01,26.42,-8.55
2003-08-01,26.57,-15.73
2003-07-01,27.66,-14.79
2003-06-01,28.60,-24.58
2003-05-01,28.24,-31.80
2003-04-01,28.05,-35.97
2003-03-01,27.92,-40.23
2003-02-01,28.46,-36.13
2003-01-01,31.43,-31.94
2002-12-01,32.59,-29.72
2002-11-01,32.03,-26.57
2002-10-01,29.25,-26.38
2002-09-01,28.89,-21.71
2002-08-01,31.53,-16.70
2002-07-01,32.46,-8.49
2002-06-01,37.92,12.62
2002-05-01,41.41,29.33
2002-04-01,43.81,56.69
2002-03-01,46.71,78.97
2002-02-01,44.56,60.23
2002-01-01,46.18,67.62
2001-12-01,46.37,74.19
2001-11-01,43.62,62.16
2001-10-01,39.73,49.98
2001-09-01,36.90,34.97
2001-08-01,37.85,35.32
2001-07-01,35.47,26.45
2001-06-01,33.67,19.57
2001-05-01,32.02,16.48
2001-04-01,27.96,-1.89
2001-03-01,26.10,-7.81
2001-02-01,27.81,0.14
2001-01-01,27.55,-5.10
2000-12-01,26.62,-10.25
2000-11-01,26.90,-9.55
2000-10-01,26.49,-7.57
2000-09-01,27.34,-8.84
2000-08-01,27.97,-9.45
2000-07-01,28.05,-14.69
2000-06-01,28.16,-12.66
2000-05-01,27.49,-17.17
2000-04-01,28.50,-16.18
2000-03-01,28.31,-15.21
2000-02-01,27.77,-15.00
2000-01-01,29.03,-11.82
1999-12-01,29.66,-6.02
1999-11-01,29.74,-1.65
1999-10-01,28.66,5.37
1999-09-01,29.99,11.90
1999-08-01,30.89,10.32
1999-07-01,32.88,9.97
1999-06-01,32.24,13.36
1999-05-01,33.19,17.28
1999-04-01,34.00,20.31
1999-03-01,33.39,22.62
1999-02-01,32.67,26.38
1999-01-01,32.92,35.53
1998-12-01,31.56,30.25
1998-11-01,30.24,28.90
1998-10-01,27.20,15.35
1998-09-01,26.80,16.22
1998-08-01,28.00,22.65
1998-07-01,29.90,31.14
1998-06-01,28.44,31.61
1998-05-01,28.30,37.38
1998-04-01,28.26,49.21
1998-03-01,27.23,38.29
1998-02-01,25.85,28.67
1998-01-01,24.29,24.37
1997-12-01,24.23,26.26
1997-11-01,23.46,20.62
1997-10-01,23.58,24.11
1997-09-01,23.06,22.99
1997-08-01,22.83,22.81
1997-07-01,22.80,24.86
1997-06-01,21.61,12.85
1997-05-01,20.60,7.85
1997-04-01,18.94,0.48
1997-03-01,19.69,3.58
1997-02-01,20.09,5.18
1997-01-01,19.53,8.02
1996-12-01,19.19,6.02
1996-11-01,19.45,12.23
1996-10-01,19.00,13.30
1996-09-01,18.75,13.98
1996-08-01,18.59,16.11
1996-07-01,18.26,13.63
1996-06-01,19.15,22.21
1996-05-01,19.10,23.23
1996-04-01,18.85,23.12
1996-03-01,19.01,25.48
1996-02-01,19.10,26.41
1996-01-01,18.08,21.42
1995-12-01,18.10,21.64
1995-11-01,17.33,10.95
1995-10-01,16.77,2.76
1995-09-01,16.45,-3.74
1995-08-01,16.01,-8.20
1995-07-01,16.07,-7.75
1995-06-01,15.67,-13.19
1995-05-01,15.50,-16.22
1995-04-01,15.31,-19.42
1995-03-01,15.15,-25.81
1995-02-01,15.11,-28.12
1995-01-01,14.89,-30.22
1994-12-01,14.88,-30.11
1994-11-01,15.62,-27.82
1994-10-01,16.32,-26.49
1994-09-01,17.09,-24.04
1994-08-01,17.44,-23.00
1994-07-01,17.42,-23.33
1994-06-01,18.05,-22.13
1994-05-01,18.50,-18.97
1994-04-01,19.00,-15.67
1994-03-01,20.42,-10.00
1994-02-01,21.02,-6.78
1994-01-01,21.34,-5.16
1993-12-01,21.29,-6.70
1993-11-01,21.64,-4.08
1993-10-01,22.20,-1.03
1993-09-01,22.50,-3.02
1993-08-01,22.65,-4.03
1993-07-01,22.72,-4.86
1993-06-01,23.18,-3.22
1993-05-01,22.83,-7.72
1993-04-01,22.53,-8.86
1993-03-01,22.69,-9.82
1993-02-01,22.55,-11.88
1993-01-01,22.50,-13.19
1992-12-01,22.82,-6.21
1992-11-01,22.56,-3.01
1992-10-01,22.43,-0.27
1992-09-01,23.20,6.76
1992-08-01,23.60,11.11
1992-07-01,23.88,18.33
1992-06-01,23.95,22.88
1992-05-01,24.74,30.01
1992-04-01,24.72,32.55
1992-03-01,25.16,41.51
1992-02-01,25.59,48.52
1992-01-01,25.92,68.64
1991-12-01,24.33,57.88
1991-11-01,23.26,58.34
1991-10-01,22.49,58.27
1991-09-01,21.73,49.76
1991-08-01,21.24,38.55
1991-07-01,20.18,20.05
1991-06-01,19.49,14.99
1991-05-01,19.03,16.25
1991-04-01,18.65,18.71
1991-03-01,17.78,13.83
1991-02-01,17.23,15.10
1991-01-01,15.37,1.65
1990-12-01,15.41,1.12
1990-11-01,14.69,0.00
1990-10-01,14.21,-4.18
1990-09-01,14.51,-1.02
1990-08-01,15.33,7.05
1990-07-01,16.81,25.17
1990-06-01,16.95,32.01
1990-05-01,16.37,31.06
1990-04-01,15.71,30.16
1990-03-01,15.62,33.16
1990-02-01,14.97,25.06
1990-01-01,15.12,28.03
1989-12-01,15.24,30.93
1989-11-01,14.69,26.97
1989-10-01,14.83,23.38
1989-09-01,14.66,24.34
1989-08-01,14.32,21.56
1989-07-01,13.43,9.90
1989-06-01,12.84,2.80
1989-05-01,12.49,0.64
1989-04-01,12.07,-9.79
1989-03-01,11.73,-17.91
1989-02-01,11.97,-15.47
1989-01-01,11.81,-15.82
1988-12-01,11.64,-15.47
1988-11-01,11.57,-19.93
1988-10-01,12.02,-29.58
1988-09-01,11.79,-41.31
1988-08-01,11.78,-45.00
1988-07-01,12.22,-41.28
1988-06-01,12.49,-40.24
1988-05-01,12.41,-37.10
1988-04-01,13.38,-31.24
1988-03-01,14.29,-26.23
1988-02-01,14.16,-24.96
1988-01-01,14.03,-22.10
1987-12-01,13.77,-19.80
1987-11-01,14.45,-13.94
1987-10-01,17.07,5.89
1987-09-01,20.09,25.17
1987-08-01,21.42,29.43
1987-07-01,20.81,27.90
1987-06-01,20.90,25.30
1987-05-01,19.73,21.19
1987-04-01,19.46,19.24
1987-03-01,19.37,21.06
1987-02-01,18.87,25.13
1987-01-01,18.01,26.12
1986-12-01,17.17,21.00
1986-11-01,16.79,25.96
1986-10-01,16.12,30.00
1986-09-01,16.05,32.75
1986-08-01,16.55,34.99
1986-07-01,16.27,30.79
1986-06-01,16.68,37.85
1986-05-01,16.28,39.74
1986-04-01,16.32,45.71
1986-03-01,16.00,46.12
1986-02-01,15.08,37.34
1986-01-01,14.28,37.84
1985-12-01,14.19,43.48
1985-11-01,13.33,33.17
1985-10-01,12.40,24.87
1985-09-01,12.09,20.54
1985-08-01,12.26,22.60
1985-07-01,12.44,34.34
1985-06-01,12.10,28.04
1985-05-01,11.65,18.15
1985-04-01,11.20,10.67
1985-03-01,10.95,6.21
1985-02-01,10.98,3.68
1985-01-01,10.36,-10.07
1984-12-01,9.89,-15.61
1984-11-01,10.01,-16.44
1984-10-01,9.93,-19.85
1984-09-01,10.03,-20.21
1984-08-01,10.00,-19.55
1984-07-01,9.26,-28.88
1984-06-01,9.45,-28.52
1984-05-01,9.86,-24.73
1984-04-01,10.12,-19.94
1984-03-01,10.31,-15.70
1984-02-01,10.59,-9.87
1984-01-01,11.52,0.35
1983-12-01,11.72,6.26
1983-11-01,11.98,12.38
1983-10-01,12.39,23.65
1983-09-01,12.57,39.20
1983-08-01,12.43,55.96
1983-07-01,13.02,66.28
1983-06-01,13.22,70.80
1983-05-01,13.10,61.93
1983-04-01,12.64,58.59
1983-03-01,12.23,63.50
1983-02-01,11.75,53.80
1983-01-01,11.48,48.51
1982-12-01,11.03,36.85
1982-11-01,10.66,32.92
1982-10-01,10.02,27.97
1982-09-01,9.03,16.52
1982-08-01,7.97,-6.67
1982-07-01,7.83,-8.42
1982-06-01,7.74,-12.15
1982-05-01,8.09,-8.69
1982-04-01,7.97,-12.71
1982-03-01,7.48,-18.16
1982-02-01,7.64,-12.79
1982-01-01,7.73,-14.30
1981-12-01,8.06,-10.54
1981-11-01,8.02,-12.73
1981-10-01,7.83,-11.63
1981-09-01,7.75,-10.30
1981-08-01,8.54,1.91
1981-07-01,8.55,5.95
1981-06-01,8.81,14.86
1981-05-01,8.86,23.92
1981-04-01,9.13,34.46
1981-03-01,9.14,33.43
1981-02-01,8.76,15.11
1981-01-01,9.02,22.06
1980-12-01,9.01,24.28
1980-11-01,9.19,30.91
1980-10-01,8.86,24.79
1980-09-01,8.64,16.44
1980-08-01,8.38,12.48
1980-07-01,8.07,11.62
1980-06-01,7.67,5.50
1980-05-01,7.15,-1.38
1980-04-01,6.79,-10.07
1980-03-01,6.85,-9.03
1980-02-01,7.61,0.53
1980-01-01,7.39,-6.22
1979-12-01,7.25,-6.93
1979-11-01,7.02,-10.46
1979-10-01,7.10,-16.57
1979-09-01,7.42,-17.37
1979-08-01,7.45,-17.86
1979-07-01,7.23,-15.64
1979-06-01,7.27,-16.44
1979-05-01,7.25,-17.14
1979-04-01,7.55,-10.23
1979-03-01,7.53,-7.38
1979-02-01,7.57,-7.23
1979-01-01,7.88,-4.83
1978-12-01,7.79,-9.63
1978-11-01,7.84,-9.99
1978-10-01,8.51,-2.18
1978-09-01,8.98,-0.11
1978-08-01,9.07,-1.52
1978-07-01,8.57,-9.98
1978-06-01,8.70,-8.71
1978-05-01,8.75,-8.66
1978-04-01,8.41,-13.48
1978-03-01,8.13,-18.54
1978-02-01,8.16,-19.05
1978-01-01,8.28,-20.46
1977-12-01,8.62,-18.45
1977-11-01,8.71,-15.76
1977-10-01,8.70,-17.46
1977-09-01,8.99,-18.64
1977-08-01,9.21,-15.74
1977-07-01,9.52,-14.54
1977-06-01,9.53,-13.44
1977-05-01,9.58,-14.31
1977-04-01,9.72,-15.48
1977-03-01,9.98,-14.48
1977-02-01,10.08,-15.51
1977-01-01,10.41,-12.00
1976-12-01,10.57,-5.12
1976-11-01,10.34,-9.46
1976-10-01,10.54,-6.81
1976-09-01,11.05,1.28
1976-08-01,10.93,-0.18
1976-07-01,11.14,-4.95
1976-06-01,11.01,-5.17
1976-05-01,11.18,0.72
1976-04-01,11.50,12.52
1976-03-01,11.67,17.76
1976-02-01,11.93,28.14
1976-01-01,11.83,42.53
1975-12-01,11.14,47.75
1975-11-01,11.42,42.57
1975-10-01,11.31,47.27
1975-09-01,10.91,45.86
1975-08-01,10.95,29.43
1975-07-01,11.72,30.95
1975-06-01,11.61,13.05
1975-05-01,11.10,6.63
1975-04-01,10.22,-6.15
1975-03-01,9.91,-15.01
1975-02-01,9.31,-17.39
1975-01-01,8.30,-28.94
1974-12-01,7.54,-35.11
1974-11-01,8.01,-37.18
1974-10-01,7.68,-45.10
1974-09-01,7.48,-45.52
1974-08-01,8.46,-38.56
1974-07-01,8.95,-37.59
1974-06-01,10.27,-29.17
1974-05-01,10.41,-31.15
1974-04-01,10.89,-31.47
1974-03-01,11.66,-29.46
1974-02-01,11.27,-34.17
1974-01-01,11.68,-35.40
1973-12-01,11.62,-36.50
1973-11-01,12.75,-29.87
1973-10-01,13.99,-20.47
1973-09-01,13.73,-22.95
1973-08-01,13.77,-24.59
1973-07-01,14.34,-19.35
1973-06-01,14.50,-19.85
1973-05-01,15.12,-16.88
1973-04-01,15.89,-14.43
1973-03-01,16.53,-10.84
1973-02-01,17.12,-6.09
1973-01-01,18.08,0.44
1972-12-01,18.30,5.17
1972-11-01,18.18,9.92
1972-10-01,17.59,-0.23
1972-09-01,17.82,-2.68
1972-08-01,18.26,1.22
1972-07-01,17.78,-3.74
1972-06-01,18.09,-3.47
1972-05-01,18.19,-5.31
1972-04-01,18.57,-5.35
1972-03-01,18.54,-2.83
1972-02-01,18.23,-2.57
1972-01-01,18.00,-0.66
1971-12-01,17.40,-0.85
1971-11-01,16.54,2.22
1971-10-01,17.63,10.33
1971-09-01,18.31,18.82
1971-08-01,18.04,25.28
1971-07-01,18.47,33.45
1971-06-01,18.74,36.89
1971-05-01,19.21,40.42
1971-04-01,19.62,27.57
1971-03-01,19.08,21.14
1971-02-01,18.71,21.89
1971-01-01,18.12,14.97
1970-12-01,17.55,11.36
1970-11-01,16.18,-2.12
1970-10-01,15.98,-2.14
1970-09-01,15.41,-3.99
1970-08-01,14.40,-10.22
1970-07-01,13.84,-14.36
1970-06-01,13.69,-19.38
1970-05-01,13.68,-23.75
1970-04-01,15.38,-11.51
1970-03-01,15.75,-7.68
1970-02-01,15.35,-12.29
1970-01-01,15.76,-10.71
1969-12-01,15.76,-14.76
1969-11-01,16.53,-10.11
1969-10-01,16.33,-10.47
1969-09-01,16.05,-10.34
1969-08-01,16.04,-7.97
1969-07-01,16.16,-9.77
1969-06-01,16.98,-5.88
1969-05-01,17.94,1.36
1969-04-01,17.38,-0.46
1969-03-01,17.06,4.15
1969-02-01,17.50,4.10
1969-01-01,17.65,-0.28
1968-12-01,18.49,3.41
1968-11-01,18.39,5.57
1968-10-01,18.24,1.22
1968-09-01,17.90,-1.00
1968-08-01,17.43,-2.02
1968-07-01,17.91,2.46
1968-06-01,18.04,5.19
1968-05-01,17.70,2.67
1968-04-01,17.46,3.87
1968-03-01,16.38,-0.18
1968-02-01,16.81,5.46
1968-01-01,17.70,15.69
1967-12-01,17.88,22.05
1967-11-01,17.42,19.15
1967-10-01,18.02,28.99
1967-09-01,18.08,28.05
1967-08-01,17.79,21.10
1967-07-01,17.48,11.62
1967-06-01,17.15,8.82
1967-05-01,17.24,7.68
1967-04-01,16.81,-1.29
1967-03-01,16.41,-1.38
1967-02-01,15.94,-9.02
1967-01-01,15.30,-14.09
1966-12-01,14.65,-17.09
1966-11-01,14.62,-18.78
1966-10-01,13.97,-22.82
1966-09-01,14.12,-21.34
1966-08-01,14.69,-16.25
1966-07-01,15.66,-9.79
1966-06-01,15.76,-10.30
1966-05-01,16.01,-14.11
1966-04-01,17.03,-8.44
1966-03-01,16.64,-10.30
1966-02-01,17.52,-6.31
1966-01-01,17.81,-5.06
1965-12-01,17.67,-4.23
1965-11-01,18.00,-4.76
1965-10-01,18.10,-4.03
1965-09-01,17.95,-3.80
1965-08-01,17.54,-5.44
1965-07-01,17.36,-8.63
1965-06-01,17.57,-5.18
1965-05-01,18.64,-1.17
1965-04-01,18.60,-1.59
1965-03-01,18.55,-1.59
1965-02-01,18.70,-0.21
1965-01-01,18.76,-0.11
1964-12-01,18.45,0.00
1964-11-01,18.90,4.07
1964-10-01,18.86,2.78
1964-09-01,18.66,1.41
1964-08-01,18.55,2.43
1964-07-01,19.00,6.74
1964-06-01,18.53,1.48
1964-05-01,18.86,2.17
1964-04-01,18.90,3.05
1964-03-01,18.85,6.50
1964-02-01,18.74,5.16
1964-01-01,18.78,6.22
1963-12-01,18.45,8.08
1963-11-01,18.16,9.46
1963-10-01,18.35,16.95
1963-09-01,18.40,11.99
1963-08-01,18.11,8.64
1963-07-01,17.80,9.07
1963-06-01,18.26,13.91
1963-05-01,18.46,0.82
1963-04-01,18.34,-8.35
1963-03-01,17.70,-15.15
1963-02-01,17.82,-15.98
1963-01-01,17.68,-16.80
1962-12-01,17.07,-24.10
1962-11-01,16.59,-26.72
1962-10-01,15.69,-28.49
1962-09-01,16.43,-25.49
1962-08-01,16.67,-25.25
1962-07-01,16.32,-24.20
1962-06-01,16.03,-25.99
1962-05-01,18.31,-16.01
1962-04-01,20.01,-6.67
1962-03-01,20.86,0.53
1962-02-01,21.21,7.45
1962-01-01,21.25,14.25
1961-12-01,22.49,29.48
1961-11-01,22.64,33.49
1961-10-01,21.94,33.54
1961-09-01,22.05,31.56
1961-08-01,22.30,29.05
1961-07-01,21.53,25.69
1961-06-01,21.66,23.35
1961-05-01,21.80,30.30
1961-04-01,21.44,28.85
1961-03-01,20.75,27.85
1961-02-01,19.74,20.00
1961-01-01,18.60,8.64
1960-12-01,17.37,-0.29
1960-11-01,16.96,0.77
1960-10-01,16.43,-1.44
1960-09-01,16.76,0.78
1960-08-01,17.28,-0.52
1960-07-01,17.13,-2.23
1960-06-01,17.56,3.91
1960-05-01,16.73,-4.73
1960-04-01,16.64,-6.46
1960-03-01,16.23,-10.13
1960-02-01,16.45,-8.71
1960-01-01,17.12,-8.89
1959-12-01,17.42,-5.89
1959-11-01,16.83,-7.37
1959-10-01,16.67,-5.77
1959-09-01,16.63,-2.18
1959-08-01,17.37,5.59
1959-07-01,17.52,10.89
1959-06-01,16.90,10.67
1959-05-01,17.56,20.52
1959-04-01,17.79,29.01
1959-03-01,18.06,34.68
1959-02-01,18.02,40.67
1959-01-01,18.79,50.32
1958-12-01,18.51,54.64
1958-11-01,18.17,53.07
1958-10-01,17.69,47.54
1958-09-01,17.00,34.18
1958-08-01,16.45,23.78
1958-07-01,15.80,12.06
1958-06-01,15.27,9.86
1958-05-01,14.57,6.20
1958-04-01,13.79,4.39
1958-03-01,13.41,3.55
1958-02-01,12.81,0.16
1958-01-01,12.50,-6.16
1957-12-01,11.97,-12.11
1957-11-01,11.87,-11.02
1957-10-01,11.99,-10.79
1957-09-01,12.67,-6.43
1957-08-01,13.29,-3.77
1957-07-01,14.10,2.62
1957-06-01,13.90,8.17
1957-05-01,13.72,7.02
1957-04-01,13.21,0.61
1957-03-01,12.95,0.62
1957-02-01,12.79,5.62
1957-01-01,13.32,9.81
1956-12-01,13.62,8.70
1956-11-01,13.34,5.62
1956-10-01,13.44,11.72
1956-09-01,13.54,5.04
1956-08-01,13.81,9.69
1956-07-01,13.74,5.86
1956-06-01,12.85,4.05
1956-05-01,12.82,6.74
1956-04-01,13.13,6.06
1956-03-01,12.87,4.38
1956-02-01,12.11,-4.57
1956-01-01,12.13,-3.58
1955-12-01,12.53,-0.71
1955-11-01,12.63,2.77
1955-10-01,12.03,0.17
1955-09-01,12.89,7.78
1955-08-01,12.59,7.79
1955-07-01,12.98,12.87
1955-06-01,12.35,11.76
1955-05-01,12.01,8.69
1955-04-01,12.38,15.16
1955-03-01,12.33,18.33
1955-02-01,12.69,23.93
1955-01-01,12.58,24.55
1954-12-01,12.62,27.60
1954-11-01,12.29,26.44
1954-10-01,12.01,27.22
1954-09-01,11.96,31.00
1954-08-01,11.68,21.67
1954-07-01,11.50,19.29
1954-06-01,11.05,15.83
1954-05-01,11.05,10.28
1954-04-01,10.75,7.07
1954-03-01,10.42,-2.62
1954-02-01,10.24,-4.21
1954-01-01,10.10,-7.00
1953-12-01,9.89,-8.85
1953-11-01,9.72,-7.16
1953-10-01,9.44,-7.81
1953-09-01,9.13,-13.05
1953-08-01,9.60,-10.36
1953-07-01,9.64,-9.65
1953-06-01,9.54,-8.45
1953-05-01,10.02,-0.40
1953-04-01,10.04,0.70
1953-03-01,10.70,7.86
1953-02-01,10.69,8.53
1953-01-01,10.86,9.15
1952-12-01,10.85,13.14
1952-11-01,10.47,13.43
1952-10-01,10.24,9.17
1952-09-01,10.50,12.30
1952-08-01,10.71,20.74
1952-07-01,10.67,28.86
1952-06-01,10.42,31.57
1952-05-01,10.06,26.54
1952-04-01,9.97,26.84
1952-03-01,9.92,29.84
1952-02-01,9.85,26.77
1952-01-01,9.95,33.20
1951-12-01,9.59,37.99
1951-11-01,9.23,30.37
1951-10-01,9.38,30.28
1951-09-01,9.35,33.38
1951-08-01,8.87,27.99
1951-07-01,8.28,23.95
1951-06-01,7.92,7.32
1951-05-01,7.95,6.85
1951-04-01,7.86,7.08
1951-03-01,7.64,4.37
1951-02-01,7.77,6.15
1951-01-01,7.47,3.61
1950-12-01,6.95,-2.52
1950-11-01,7.08,2.91
1950-10-01,7.20,7.46
1950-09-01,7.01,8.18
1950-08-01,6.93,8.28
1950-07-01,6.68,8.62
1950-06-01,7.38,26.80
1950-05-01,7.44,20.39
1950-04-01,7.34,17.82
1950-03-01,7.32,16.93
1950-02-01,7.32,16.38
1950-01-01,7.21,8.91
1949-12-01,7.13,7.54
1949-11-01,6.88,-0.15
1949-10-01,6.70,-11.49
1949-09-01,6.48,-14.85
1949-08-01,6.40,-19.70
1949-07-01,6.15,-27.73
1949-06-01,5.82,-35.62
1949-05-01,6.18,-30.72
1949-04-01,6.23,-28.80
1949-03-01,6.26,-25.12
1949-02-01,6.29,-25.03
1949-01-01,6.62,-26.77
1948-12-01,6.63,-29.01
1948-11-01,6.89,-28.23
1948-10-01,7.57,-23.07
1948-09-01,7.61,-21.71
1948-08-01,7.97,-22.17
1948-07-01,8.51,-20.17
1948-06-01,9.04,-12.32
1948-05-01,8.92,-14.15
1948-04-01,8.75,-20.31
1948-03-01,8.36,-29.98
1948-02-01,8.39,-36.29
1948-01-01,9.04,-32.84
1947-12-01,9.34,-34.55
1947-11-01,9.60,-34.65
1947-10-01,9.84,-36.64
1947-09-01,9.72,-42.69
1947-08-01,10.24,-49.66
1947-07-01,10.66,-49.21
1947-06-01,10.31,-53.39
1947-05-01,10.39,-52.21
1947-04-01,10.98,-48.21
1947-03-01,11.94,-38.71
1947-02-01,13.17,-32.94
1947-01-01,13.46,-29.79
1946-12-01,14.27,-20.94
1946-11-01,14.69,-16.39
1946-10-01,15.53,-7.78
1946-09-01,16.96,6.00
1946-08-01,20.34,35.78
1946-07-01,20.99,42.02
1946-06-01,22.12,46.59
1946-05-01,21.74,45.22
1946-04-01,21.20,44.02
1946-03-01,19.48,34.25
1946-02-01,19.64,33.88
1946-01-01,19.17,33.59
1945-12-01,18.05,28.11
1945-11-01,17.57,26.13
1945-10-01,16.84,18.68
1945-09-01,16.00,14.29
1945-08-01,14.98,6.39
1945-07-01,14.78,3.43
1945-06-01,15.09,9.59
1945-05-01,14.97,13.84
1945-04-01,14.72,15.18
1945-03-01,14.51,11.53
1945-02-01,14.67,15.88
1945-01-01,14.35,13.80
1944-12-01,14.09,15.40
1944-11-01,13.93,21.77
1944-10-01,14.19,23.07
1944-09-01,14.00,26.13
1944-08-01,14.08,30.73
1944-07-01,14.29,26.13
1944-06-01,13.77,25.18
1944-05-01,13.15,20.53
1944-04-01,12.78,20.68
1944-03-01,13.01,25.70
1944-02-01,12.66,25.60
1944-01-01,12.61,30.00
1943-12-01,12.21,32.14
1943-11-01,11.44,20.80
1943-10-01,11.53,19.98
1943-09-01,11.10,20.26
1943-08-01,10.77,19.14
1943-07-01,11.33,27.16
1943-06-01,11.00,29.41
1943-05-01,10.91,37.58
1943-04-01,10.59,37.71
1943-03-01,10.35,31.51
1943-02-01,10.08,25.84
1943-01-01,9.70,21.71
1942-12-01,9.24,22.38
1942-11-01,9.47,18.23
1942-10-01,9.61,15.37
1942-09-01,9.23,7.20
1942-08-01,9.04,2.73
1942-07-01,8.91,-2.73
1942-06-01,8.50,-5.03
1942-05-01,7.93,-9.16
1942-04-01,7.69,-14.65
1942-03-01,7.87,-16.19
1942-02-01,8.01,-14.15
1942-01-01,7.97,-20.70
1941-12-01,7.55,-24.73
1941-11-01,8.01,-22.68
1941-10-01,8.33,-16.95
1941-09-01,8.61,-12.50
1941-08-01,8.80,-7.66
1941-07-01,9.16,-3.68
1941-06-01,8.95,-3.76
1941-05-01,8.73,-15.81
1941-04-01,9.01,-25.84
1941-03-01,9.39,-23.47
1941-02-01,9.33,-26.71
1941-01-01,10.05,-24.04
1940-12-01,10.03,-27.00
1940-11-01,10.36,-28.85
1940-10-01,10.03,-34.70
1940-09-01,9.84,-37.60
1940-08-01,9.53,-34.77
1940-07-01,9.51,-36.64
1940-06-01,9.30,-38.16
1940-05-01,10.37,-31.69
1940-04-01,12.15,-18.13
1940-03-01,12.27,-29.68
1940-02-01,12.73,-29.16
1940-01-01,13.23,-30.15
1939-12-01,13.74,-30.71
1939-11-01,14.56,-29.83
1939-10-01,15.36,-25.90
1939-09-01,15.77,-16.78
1939-08-01,14.61,-20.47
1939-07-01,15.01,-11.71
1939-06-01,15.04,13.42
1939-05-01,15.18,27.78
1939-04-01,14.84,35.03
1939-03-01,17.45,64.16
1939-02-01,17.97,66.08
1939-01-01,18.94,80.90
1938-12-01,19.83,103.38
1938-11-01,20.75,114.80
1938-10-01,20.73,100.87
1938-09-01,18.95,60.87
1938-08-01,18.37,31.68
1938-07-01,17.00,22.13
1938-06-01,13.26,-0.82
1938-05-01,11.88,-15.92
1938-04-01,10.99,-26.98
1938-03-01,10.63,-34.79
1938-02-01,10.82,-35.48
1938-01-01,10.47,-37.49
1937-12-01,9.75,-41.72
1937-11-01,9.66,-44.93
1937-10-01,10.32,-40.72
1937-09-01,11.78,-30.99
1937-08-01,13.95,-19.13
1937-07-01,13.92,-19.49
1937-06-01,13.37,-19.89
1937-05-01,14.13,-14.78
1937-04-01,15.05,-17.08
1937-03-01,16.30,-13.34
1937-02-01,16.77,-10.08
1937-01-01,16.75,-6.27
1936-12-01,16.73,-2.51
1936-11-01,17.54,2.21
1936-10-01,17.41,11.03
1936-09-01,17.07,11.71
1936-08-01,17.25,18.31
1936-07-01,17.29,28.26
1936-06-01,16.69,33.63
1936-05-01,16.58,32.64
1936-04-01,18.15,52.65
1936-03-01,18.81,63.28
1936-02-01,18.65,34.95
1936-01-01,17.87,9.97
1935-12-01,17.16,-9.21
1935-11-01,17.16,-8.63
1935-10-01,15.68,-15.92
1935-09-01,15.28,-17.41
1935-08-01,14.58,-24.69
1935-07-01,13.48,-33.10
1935-06-01,12.49,-40.95
1935-05-01,12.50,-41.40
1935-04-01,11.89,-49.92
1935-03-01,11.52,-51.74
1935-02-01,13.82,-45.07
1935-01-01,16.25,-32.15
1934-12-01,18.90,-16.59
1934-11-01,18.78,-15.52
1934-10-01,18.65,-16.03
1934-09-01,18.50,-24.80
1934-08-01,19.36,-21.97
1934-07-01,20.15,-22.86
1934-06-01,21.15,-14.51
1934-05-01,21.33,0.99
1934-04-01,23.74,44.76
1934-03-01,23.87,60.96
1934-02-01,25.16,65.09
1934-01-01,23.95,38.52
1933-12-01,22.66,36.26
1933-11-01,22.23,35.55
1933-10-01,22.21,37.27
1933-09-01,24.60,36.97
1933-08-01,24.81,58.13
1933-07-01,26.12,155.58
1933-06-01,24.74,164.60
1933-05-01,21.12,103.08
1933-04-01,16.40,41.01
1933-03-01,14.83,0.54
1933-02-01,15.24,7.40
1933-01-01,17.29,22.89
1932-12-01,16.63,20.16
1932-11-01,16.40,1.05
1932-10-01,16.18,5.75
1932-09-01,17.96,6.27
1932-08-01,15.69,-17.59
1932-07-01,10.22,-45.81
1932-06-01,9.35,-46.75
1932-05-01,10.40,-40.50
1932-04-01,11.63,-37.67
1932-03-01,14.75,-25.95
1932-02-01,14.19,-24.92
1932-01-01,14.07,-17.24
1931-12-01,13.84,-13.45
1931-11-01,16.23,-0.37
1931-10-01,15.30,-7.78
1931-09-01,16.90,-8.10
1931-08-01,19.04,8.06
1931-07-01,18.86,11.07
1931-06-01,17.56,5.28
1931-05-01,17.48,-2.18
1931-04-01,18.66,2.58
1931-03-01,19.92,20.65
1931-02-01,18.90,22.89
1931-01-01,17.00,22.13
1930-12-01,15.99,20.32
1930-11-01,16.29,25.89
1930-10-01,16.59,-6.95
1930-09-01,18.39,-8.92
1930-08-01,17.62,-10.42
1930-07-01,16.98,-9.97
1930-06-01,16.68,-4.30
1930-05-01,17.87,3.06
1930-04-01,18.19,5.02
1930-03-01,16.51,-6.51
1930-02-01,15.38,-12.61
1930-01-01,13.92,-21.62
1929-12-01,13.29,-20.80
1929-11-01,12.94,-23.70
1929-10-01,17.83,9.79
1929-09-01,20.19,24.94
1929-08-01,19.67,28.31
1929-07-01,18.86,24.98
1929-06-01,17.43,14.52
1929-05-01,17.34,5.80
1929-04-01,17.32,7.11
1929-03-01,17.66,14.16
1929-02-01,17.60,17.88
1929-01-01,17.76,14.51
1928-12-01,16.78,6.68
1928-11-01,16.96,11.36
1928-10-01,16.24,10.03
1928-09-01,16.16,8.75
1928-08-01,15.33,9.97
1928-07-01,15.09,15.02
1928-06-01,15.22,20.60
1928-05-01,16.39,32.71
1928-04-01,16.17,36.57
1928-03-01,15.47,34.99
1928-02-01,14.93,33.30
1928-01-01,15.51,42.42
1927-12-01,15.73,44.58
1927-11-01,15.23,43.14
1927-10-01,14.76,40.57
1927-09-01,14.86,38.36
1927-08-01,13.94,31.76
1927-07-01,13.12,28.88
1927-06-01,12.62,30.24
1927-05-01,12.35,33.51
1927-04-01,11.84,28.98
1927-03-01,11.46,21.27
1927-02-01,11.20,10.45
1927-01-01,10.89,7.61
1926-12-01,10.88,9.13
1926-11-01,10.64,5.87
1926-10-01,10.50,5.95
1926-09-01,10.74,9.15
1926-08-01,10.58,7.19
1926-07-01,10.18,2.72
1926-06-01,9.69,-2.22
1926-05-01,9.25,-7.59
1926-04-01,9.18,-7.09
1926-03-01,9.45,-8.16
1926-02-01,10.14,-6.89
1926-01-01,10.12,-8.17
1925-12-01,9.97,-8.70
1925-11-01,10.05,-3.09
1925-10-01,9.91,2.06
1925-09-01,9.84,0.00
1925-08-01,9.87,0.41
1925-07-01,9.91,4.21
1925-06-01,9.91,9.14
1925-05-01,10.01,13.49
1925-04-01,9.88,11.64
1925-03-01,10.29,14.72
1925-02-01,10.89,19.15
1925-01-01,11.02,22.31
1924-12-01,10.92,25.23
1924-11-01,10.37,20.44
1924-10-01,9.71,12.51
1924-09-01,9.84,9.82
1924-08-01,9.83,6.85
1924-07-01,9.51,1.49
1924-06-01,9.08,-9.65
1924-05-01,8.82,-17.57
1924-04-01,8.85,-23.18
1924-03-01,8.97,-27.72
1924-02-01,9.14,-27.11
1924-01-01,9.01,-28.15
1923-12-01,8.72,-31.45
1923-11-01,8.61,-35.41
1923-10-01,8.63,-42.24
1923-09-01,8.96,-41.67
1923-08-01,9.20,-41.66
1923-07-01,9.37,-42.76
1923-06-01,10.05,-41.71
1923-05-01,10.70,-42.29
1923-04-01,11.52,-41.07
1923-03-01,12.41,-37.48
1923-02-01,12.54,-39.48
1923-01-01,12.54,-45.02
1922-12-01,12.72,-49.54
1922-11-01,13.33,-37.68
1922-10-01,14.94,-15.26
1922-09-01,15.36,-2.41
1922-08-01,15.77,12.48
1922-07-01,16.37,25.34
1922-06-01,17.24,44.75
1922-05-01,18.54,53.60
1922-04-01,19.55,78.21
1922-03-01,19.85,93.28
1922-02-01,20.72,108.45
1922-01-01,22.81,143.70
1921-12-01,25.21,196.24
1921-11-01,21.39,131.74
1921-10-01,17.63,83.45
1921-09-01,15.74,66.03
1921-08-01,14.02,54.92
1921-07-01,13.06,40.28
1921-06-01,11.91,29.32
1921-05-01,12.07,31.77
1921-04-01,10.97,13.56
1921-03-01,10.27,6.65
1921-02-01,9.94,11.69
1921-01-01,9.36,-2.50
1920-12-01,8.51,-11.26
1920-11-01,9.23,-5.62
1920-10-01,9.61,-4.57
1920-09-01,9.48,-1.15
1920-08-01,9.05,-3.10
1920-07-01,9.31,-6.99
1920-06-01,9.21,-3.96
1920-05-01,9.16,-1.93
1920-04-01,9.66,11.68
1920-03-01,9.63,15.05
1920-02-01,8.90,10.70
1920-01-01,9.60,19.85
1919-12-01,9.59,20.18
1919-11-01,9.78,22.56
1919-10-01,10.07,33.20
1919-09-01,9.59,34.88
1919-08-01,9.34,34.39
1919-07-01,10.01,47.86
1919-06-01,9.59,46.64
1919-05-01,9.34,45.71
1919-04-01,8.65,41.57
1919-03-01,8.37,39.04
1919-02-01,8.04,33.11
1919-01-01,8.01,40.03
1918-12-01,7.98,50.28
1918-11-01,7.98,47.23
1918-10-01,7.56,29.90
1918-09-01,7.11,17.33
1918-08-01,6.95,10.85
1918-07-01,6.77,6.28
1918-06-01,6.54,2.03
1918-05-01,6.41,3.39
1918-04-01,6.11,-3.32
1918-03-01,6.02,-4.90
1918-02-01,6.04,-0.33
1918-01-01,5.72,-9.78
1917-12-01,5.31,-17.16
1917-11-01,5.42,-21.45
1917-10-01,5.82,-17.21
1917-09-01,6.06,-14.29
1917-08-01,6.27,-11.69
1917-07-01,6.37,-13.10
1917-06-01,6.41,-17.18
1917-05-01,6.20,-23.08
1917-04-01,6.32,-23.39
1917-03-01,6.33,-28.23
1917-02-01,6.06,-34.77
1917-01-01,6.34,-36.79
1916-12-01,6.41,-40.48
1916-11-01,6.90,-38.01
1916-10-01,7.03,-36.95
1916-09-01,7.07,-35.49
1916-08-01,7.10,-35.40
1916-07-01,7.33,-33.18
1916-06-01,7.74,-32.64
1916-05-01,8.06,-32.10
1916-04-01,8.25,-35.14
1916-03-01,8.82,-28.93
1916-02-01,9.29,-26.97
1916-01-01,10.03,-26.25
1915-12-01,10.77,-23.78
1915-11-01,11.13,-23.19
1915-10-01,11.15,-21.59
1915-09-01,10.96,-21.49
1915-08-01,10.99,-19.84
1915-07-01,10.97,-18.56
1915-06-01,11.49,-19.42
1915-05-01,11.87,-15.76
1915-04-01,12.72,-7.56
1915-03-01,12.41,-10.53
1915-02-01,12.72,-8.49
1915-01-01,13.60,0.74
1914-12-01,14.13,10.74
1914-11-01,14.49,15.18
1914-10-01,14.22,10.15
1914-09-01,13.96,6.40
1914-08-01,13.71,5.46
1914-07-01,13.47,8.02
1914-06-01,14.26,17.66
1914-05-01,14.09,10.42
1914-04-01,13.76,6.42
1914-03-01,13.87,7.19
1914-02-01,13.90,6.92
1914-01-01,13.50,0.15
1913-12-01,12.76,-4.78
1913-11-01,12.58,-10.78
1913-10-01,12.91,-10.78
1913-09-01,13.12,-10.87
1913-08-01,13.00,-12.52
1913-07-01,12.47,-15.46
1913-06-01,12.12,-17.77
1913-05-01,12.76,-14.76
1913-04-01,12.93,-15.05
1913-03-01,12.94,-13.73
1913-02-01,13.00,-12.28
1913-01-01,13.48,-11.32
1912-12-01,13.40,-13.21
1912-11-01,14.10,-6.75
1912-10-01,14.47,1.19
1912-09-01,14.72,5.29
1912-08-01,14.86,3.70
1912-07-01,14.75,-0.47
1912-06-01,14.74,0.61
1912-05-01,14.97,5.80
1912-04-01,15.22,11.50
1912-03-01,15.00,11.03
1912-02-01,14.82,11.60
1912-01-01,15.20,18.01
1911-12-01,15.44,24.52
1911-11-01,15.12,18.59
1911-10-01,14.30,11.98
1911-09-01,13.98,16.11
1911-08-01,14.33,19.82
1911-07-01,14.82,26.88
1911-06-01,14.65,19.11
1911-05-01,14.15,10.98
1911-04-01,13.65,5.32
1911-03-01,13.51,1.73
1911-02-01,13.28,3.83
1911-01-01,12.88,-2.87
1910-12-01,12.40,-8.49
1910-11-01,12.75,-7.34
1910-10-01,12.77,-8.85
1910-09-01,12.04,-16.10
1910-08-01,11.96,-17.74
1910-07-01,11.68,-18.95
1910-06-01,12.30,-15.93
1910-05-01,12.75,-12.61
1910-04-01,12.96,-10.99
1910-03-01,13.28,-7.71
1910-02-01,12.79,-11.37
1910-01-01,13.26,-13.67
1909-12-01,13.55,-12.97
1909-11-01,13.76,-8.08
1909-10-01,14.01,-0.07
1909-09-01,14.35,5.36
1909-08-01,14.54,7.39
1909-07-01,14.41,11.02
1909-06-01,14.63,18.75
1909-05-01,14.59,20.48
1909-04-01,14.56,26.72
1909-03-01,14.39,34.11
1909-02-01,14.43,42.17
1909-01-01,15.36,45.73
1908-12-01,15.57,56.48
1908-11-01,14.97,60.45
1908-10-01,14.02,43.65
1908-09-01,13.62,26.11
1908-08-01,13.54,24.11
1908-07-01,12.98,11.61
1908-06-01,12.32,11.59
1908-05-01,12.11,7.64
1908-04-01,11.49,0.00
1908-03-01,10.73,-6.21
1908-02-01,10.15,-18.86
1908-01-01,10.54,-17.33
1907-12-01,9.95,-23.17
1907-11-01,9.33,-29.53
1907-10-01,9.76,-25.78
1907-09-01,10.80,-20.30
1907-08-01,10.91,-18.15
1907-07-01,11.63,-7.55
1907-06-01,11.04,-15.73
1907-05-01,11.25,-12.99
1907-04-01,11.49,-14.70
1907-03-01,11.44,-17.46
1907-02-01,12.51,-11.90
1907-01-01,12.75,-12.13
1906-12-01,12.95,-9.06
1906-11-01,13.24,-6.17
1906-10-01,13.15,-10.12
1906-09-01,13.55,-9.00
1906-08-01,13.33,-11.60
1906-07-01,12.58,-16.30
1906-06-01,13.10,-11.67
1906-05-01,12.93,-14.82
1906-04-01,13.47,-17.11
1906-03-01,13.86,-17.30
1906-02-01,14.20,-16.08
1906-01-01,14.51,-12.22
1905-12-01,14.24,-15.44
1905-11-01,14.11,-15.36
1905-10-01,14.63,-5.61
1905-09-01,14.89,1.71
1905-08-01,15.08,7.56
1905-07-01,15.03,13.09
1905-06-01,14.83,16.22
1905-05-01,15.18,19.06
1905-04-01,16.25,27.25
1905-03-01,16.76,34.51
1905-02-01,16.92,35.36
1905-01-01,16.53,31.19
1904-12-01,16.84,35.81
1904-11-01,16.67,43.34
1904-10-01,15.50,36.20
1904-09-01,14.64,26.75
1904-08-01,14.02,18.41
1904-07-01,13.29,10.57
1904-06-01,12.76,3.07
1904-05-01,12.75,-1.01
1904-04-01,12.77,-1.16
1904-03-01,12.46,-7.50
1904-02-01,12.50,-9.35
1904-01-01,12.60,-7.69
1903-12-01,12.40,-2.97
1903-11-01,11.63,-12.49
1903-10-01,11.38,-19.00
1903-09-01,11.55,-21.69
1903-08-01,11.84,-20.91
1903-07-01,12.02,-18.95
1903-06-01,12.38,-17.58
1903-05-01,12.88,-16.25
1903-04-01,12.92,-17.71
1903-03-01,13.47,-12.93
1903-02-01,13.79,-12.44
1903-01-01,13.65,-14.26
1902-12-01,12.78,-19.62
1902-11-01,13.29,-17.76
1902-10-01,14.05,-11.19
1902-09-01,14.75,-9.68
1902-08-01,14.97,-8.78
1902-07-01,14.83,-8.34
1902-06-01,15.02,-13.43
1902-05-01,15.38,-2.53
1902-04-01,15.70,-5.48
1902-03-01,15.47,-1.15
1902-02-01,15.75,4.30
1902-01-01,15.92,8.08
1901-12-01,15.90,11.11
1901-11-01,16.16,19.70
1901-10-01,15.82,26.36
1901-09-01,16.33,35.18
1901-08-01,16.41,32.55
1901-07-01,16.18,32.51
1901-06-01,17.35,42.10
1901-05-01,15.78,25.44
1901-04-01,16.61,25.74
1901-03-01,15.65,20.02
1901-02-01,15.10,16.69
1901-01-01,14.73,15.89
1900-12-01,14.31,14.11
1900-11-01,13.50,-1.75
1900-10-01,12.52,-9.14
1900-09-01,12.08,-14.69
1900-08-01,12.38,-15.44
1900-07-01,12.21,-16.37
1900-06-01,12.21,-17.50
1900-05-01,12.58,-19.00
1900-04-01,13.21,-20.52
1900-03-01,13.04,-22.57
1900-02-01,12.94,-24.11
1900-01-01,12.71,-24.75
1899-12-01,12.54,-22.30
1899-11-01,13.74,-9.61
1899-10-01,13.78,-9.04
1899-09-01,14.16,-8.47
1899-08-01,14.64,-5.55
1899-07-01,14.60,-5.13
1899-06-01,14.80,-3.46
1899-05-01,15.53,5.22
1899-04-01,16.62,16.39
1899-03-01,16.84,15.90
1899-02-01,17.05,12.02
1899-01-01,16.89,7.31
1898-12-01,16.14,5.35
1898-11-01,15.20,-1.94
1898-10-01,15.15,-8.84
1898-09-01,15.47,-13.04
1898-08-01,15.50,-8.61
1898-07-01,15.39,-6.84
1898-06-01,15.33,-6.64
1898-05-01,14.76,-9.56
1898-04-01,14.28,-15.60
1898-03-01,14.53,-20.25
1898-02-01,15.22,-16.24
1898-01-01,15.74,-17.94
1897-12-01,15.32,-23.78
1897-11-01,15.50,-25.70
1897-10-01,16.62,-10.84
1897-09-01,17.79,-2.41
1897-08-01,16.96,-2.08
1897-07-01,16.52,-5.98
1897-06-01,16.42,-12.57
1897-05-01,16.32,-14.69
1897-04-01,16.92,-8.14
1897-03-01,18.22,-0.16
1897-02-01,18.17,-2.00
1897-01-01,19.18,12.30
1896-12-01,20.10,16.32
1896-11-01,20.86,9.04
1896-10-01,18.64,-9.73
1896-09-01,18.23,-13.02
1896-08-01,17.32,-20.44
1896-07-01,17.57,-21.84
1896-06-01,18.78,-20.09
1896-05-01,19.13,-17.01
1896-04-01,18.42,-19.91
1896-03-01,18.25,-21.61
1896-02-01,18.54,-24.79
1896-01-01,17.08,-31.68
1895-12-01,17.28,-35.71
1895-11-01,19.13,-25.07
1895-10-01,20.65,-14.35
1895-09-01,20.96,-15.79
1895-08-01,21.77,-6.20
1895-07-01,22.48,5.79
1895-06-01,23.50,13.69
1895-05-01,23.05,15.25
1895-04-01,23.00,15.75
1895-03-01,23.28,18.71
1895-02-01,24.65,35.07
1895-01-01,25.00,44.68
1894-12-01,26.88,58.49
1894-11-01,25.53,50.80
1894-10-01,24.11,50.03
1894-09-01,24.89,65.16
1894-08-01,23.21,70.66
1894-07-01,21.25,57.64
1894-06-01,20.67,43.44
1894-05-01,20.00,32.19
1894-04-01,19.87,23.49
1894-03-01,19.61,25.54
1894-02-01,18.25,15.95
1894-01-01,17.28,10.91
1893-12-01,16.96,13.90
1893-11-01,16.93,12.49
1893-10-01,16.07,3.48
1893-09-01,15.07,-0.99
1893-08-01,13.60,-12.88
1893-07-01,13.48,-12.41
1893-06-01,14.41,-8.97
1893-05-01,15.13,-4.90
1893-04-01,16.09,1.13
1893-03-01,15.62,-2.01
1893-02-01,15.74,-3.08
1893-01-01,15.58,-3.89
1892-12-01,14.89,-6.41
1892-11-01,15.05,-2.53
1892-10-01,15.53,-3.84
1892-09-01,15.22,-5.76
1892-08-01,15.61,1.30
1892-07-01,15.39,3.22
1892-06-01,15.83,4.42
1892-05-01,15.91,-0.38
1892-04-01,15.91,-0.75
1892-03-01,15.94,-0.56
1892-02-01,16.24,-0.55
1892-01-01,16.21,-2.88
1891-12-01,15.91,0.32
1891-11-01,15.44,-4.93
1891-10-01,16.15,-7.82
1891-09-01,16.15,-11.94
1891-08-01,15.41,-17.42
1891-07-01,14.91,-21.94
1891-06-01,15.16,-21.21
1891-05-01,15.97,-14.74
1891-04-01,16.03,-10.80
1891-03-01,16.03,-8.92
1891-02-01,16.33,-7.90
1891-01-01,16.69,-6.92
1890-12-01,15.86,-10.55
1890-11-01,16.24,-8.92
1890-10-01,17.52,-5.91
1890-09-01,18.34,-3.32
1890-08-01,18.66,0.76
1890-07-01,19.10,0.90
1890-06-01,19.24,-0.41
1890-05-01,18.73,-1.42
1890-04-01,17.97,-6.36
1890-03-01,17.60,-8.43
1890-02-01,17.73,-9.68
1890-01-01,17.93,-11.02
1889-12-01,17.73,-10.32
1889-11-01,17.83,-8.14
1889-10-01,18.62,-2.56
1889-09-01,18.97,-1.25
1889-08-01,18.52,2.32
1889-07-01,18.93,10.51
1889-06-01,19.32,19.55
1889-05-01,19.00,17.57
1889-04-01,19.19,24.21
1889-03-01,19.22,28.65
1889-02-01,19.63,26.40
1889-01-01,20.15,32.83
1888-12-01,19.77,35.04
1888-11-01,19.41,31.86
1888-10-01,19.11,28.60
1888-09-01,19.21,24.98
1888-08-01,18.10,16.25
1888-07-01,17.13,7.26
1888-06-01,16.16,-4.09
1888-05-01,16.16,-6.86
1888-04-01,15.45,-9.44
1888-03-01,14.94,-10.43
1888-02-01,15.53,-4.67
1888-01-01,15.17,-10.29
1887-12-01,14.64,-14.34
1887-11-01,14.72,-16.13
1887-10-01,14.86,-15.86
1887-09-01,15.37,-10.74
1887-08-01,15.57,-10.10
1887-07-01,15.97,-10.13
1887-06-01,16.85,-3.71
1887-05-01,17.35,0.23
1887-04-01,17.06,-3.40
1887-03-01,16.68,-10.03
1887-02-01,16.29,-13.95
1887-01-01,16.91,-8.94
1886-12-01,17.09,-11.27
1886-11-01,17.55,-9.58
1886-10-01,17.66,0.51
1886-09-01,17.22,3.67
1886-08-01,17.32,2.97
1886-07-01,17.77,15.54
1886-06-01,17.50,18.00
1886-05-01,17.31,16.17
1886-04-01,17.66,21.21
1886-03-01,18.54,26.99
1886-02-01,18.93,29.92
1886-01-01,18.57,35.75
1885-12-01,19.26,37.57
1885-11-01,19.41,42.83
1885-10-01,17.57,30.63
1885-09-01,16.61,19.41
1885-08-01,16.82,20.66
1885-07-01,15.38,20.72
1885-06-01,14.83,16.41
1885-05-01,14.90,15.33
1885-04-01,14.57,6.51
1885-03-01,14.60,4.66
1885-02-01,14.57,6.82
1885-01-01,13.68,3.01
1884-12-01,14.00,4.87
1884-11-01,13.59,-0.44
1884-10-01,13.45,2.52
1884-09-01,13.91,3.11
1884-08-01,13.94,4.50
1884-07-01,12.74,-8.87
1884-06-01,12.74,-10.28
1884-05-01,12.92,-5.97
1884-04-01,13.68,-2.15
1884-03-01,13.95,1.90
1884-02-01,13.64,0.89
1884-01-01,13.28,-1.70
1883-12-01,13.35,-1.69
1883-11-01,13.65,1.04
1883-10-01,13.12,-7.08
1883-09-01,13.49,-7.03
1883-08-01,13.34,-7.17
1883-07-01,13.98,0.22
1883-06-01,14.20,7.49
1883-05-01,13.74,5.86
1883-04-01,13.98,6.39
1883-03-01,13.69,4.19
1883-02-01,13.52,2.74
1883-01-01,13.51,0.45
1882-12-01,13.58,-0.59
1882-11-01,13.51,-3.98
1882-10-01,14.12,3.29
1882-09-01,14.51,4.46
1882-08-01,14.37,6.60
1882-07-01,13.95,1.09
1882-06-01,13.21,-5.64
1882-05-01,12.98,-6.15
1882-04-01,13.14,-0.68
1882-03-01,13.14,1.08
1882-02-01,13.16,2.41
1882-01-01,13.45,6.49
1881-12-01,13.66,14.60
1881-11-01,14.07,20.36
1881-10-01,13.67,20.55
1881-09-01,13.89,23.36
1881-08-01,13.48,16.91
1881-07-01,13.80,21.16
1881-06-01,14.00,25.67
1881-05-01,13.83,24.71
1881-04-01,13.23,7.30
1881-03-01,13.00,0.54
1881-02-01,12.85,-1.15
1881-01-01,12.63,-3.59
1880-12-01,11.92,-7.95
1880-11-01,11.69,-12.24
1880-10-01,11.34,-10.36
1880-09-01,11.26,-3.92
1880-08-01,11.53,1.95
1880-07-01,11.39,-1.30
1880-06-01,11.14,-4.38
1880-05-01,11.09,-4.31
1880-04-01,12.33,7.97
1880-03-01,12.93,16.91
1880-02-01,13.00,12.17
1880-01-01,13.10,17.07
1879-12-01,12.95,16.35
1879-11-01,13.32,19.03
1879-10-01,12.65,12.64
1879-09-01,11.72,3.26
1879-08-01,11.31,1.62
1879-07-01,11.54,2.76
1879-06-01,11.65,2.46
1879-05-01,11.59,4.13
1879-04-01,11.42,2.88
1879-03-01,11.06,2.41
1879-02-01,11.59,9.34
1879-01-01,11.19,3.32
1878-12-01,11.13,2.77
1878-11-01,11.19,2.94
1878-10-01,11.23,1.81
1878-09-01,11.35,1.61
1878-08-01,11.13,5.80
1878-07-01,11.23,14.24
1878-06-01,11.37,20.83
1878-05-01,11.13,9.76
1878-04-01,11.10,9.47
1878-03-01,10.80,-4.59
1878-02-01,10.60,-11.15
1878-01-01,10.83,-14.59
1877-12-01,10.83,-15.32
1877-11-01,10.87,-12.41
1877-10-01,11.03,-12.88
1877-09-01,11.17,-9.19
1877-08-01,10.52,-17.03
1877-07-01,9.83,-25.70
1877-06-01,9.41,-27.45
1877-05-01,10.14,-19.97
1877-04-01,10.14,-22.89
1877-03-01,11.32,-14.63
1877-02-01,11.93,-7.59
1877-01-01,12.68,-0.47
1876-12-01,12.79,5.35
1876-11-01,12.41,5.08
1876-10-01,12.66,11.84
1876-09-01,12.30,9.72
1876-08-01,12.68,12.11
1876-07-01,13.23,20.49
1876-06-01,12.97,21.44
1876-05-01,12.67,19.08
1876-04-01,13.15,21.65
1876-03-01,13.26,24.27
1876-02-01,12.91,25.34
1876-01-01,12.74,26.26
1875-12-01,12.14,23.00
1875-11-01,11.81,18.93
1875-10-01,11.32,14.92
1875-09-01,11.21,13.58
1875-08-01,11.31,16.36
1875-07-01,10.98,13.20
1875-06-01,10.68,10.10
1875-05-01,10.64,9.24
1875-04-01,10.81,8.10
1875-03-01,10.67,3.79
1875-02-01,10.30,-1.25
1875-01-01,10.09,-0.39
1874-12-01,9.87,2.71
1874-11-01,9.93,13.10
1874-10-01,9.85,8.12
1874-09-01,9.87,-3.24
1874-08-01,9.72,-11.96
1874-07-01,9.70,-12.14
1874-06-01,9.70,-12.38
1874-05-01,9.74,-15.16
1874-04-01,10.00,-12.66
1874-03-01,10.28,-11.46
1874-02-01,10.43,-12.94
1874-01-01,10.13,-14.73
1873-12-01,9.61,-18.49
1873-11-01,8.78,-23.72
1873-10-01,9.11,-22.99
1873-09-01,10.20,-13.49
1873-08-01,11.04,-8.00
1873-07-01,11.04,-9.06
1873-06-01,11.07,-11.51
1873-05-01,11.48,-9.11
1873-04-01,11.45,-9.34
1873-03-01,11.61,-5.53
1873-02-01,11.98,0.67
1873-01-01,11.88,-2.22
1872-12-01,11.79,-0.51
1872-11-01,11.51,-0.78
1872-10-01,11.83,3.05
1872-09-01,11.79,-2.56
1872-08-01,12.00,0.17
1872-07-01,12.14,2.62
1872-06-01,12.51,3.82
1872-05-01,12.63,3.95
1872-04-01,12.63,6.58
1872-03-01,12.29,6.59
1872-02-01,11.90,5.78
1872-01-01,12.15,9.46
1871-12-01,11.85,
1871-11-01,11.60,
1871-10-01,11.48,
1871-09-01,12.10,
1871-08-01,11.98,
1871-07-01,11.83,
1871-06-01,12.05,
1871-05-01,12.15,
1871-04-01,11.85,
1871-03-01,11.53,
1871-02-01,11.25,
1871-01-01,11.10,
